2026-04-06 12:13:53.968 +05:30 [INF] User profile is available. Using 'C:\Users\ENVY\AppData\Local\ASP.NET\DataProtection-Keys' as key repository and Windows DPAPI to encrypt keys at rest.
2026-04-06 12:13:54.444 +05:30 [INF] Now listening on: https://localhost:7110
2026-04-06 12:13:54.448 +05:30 [INF] Now listening on: http://localhost:5089
2026-04-06 12:13:54.772 +05:30 [INF] Application started. Press Ctrl+C to shut down.
2026-04-06 12:13:54.775 +05:30 [INF] Hosting environment: Development
2026-04-06 12:13:54.779 +05:30 [INF] Content root path: D:\dotNet\StaffTrack\APIGateway
2026-04-06 12:13:55.651 +05:30 [INF] Request starting HTTP/2 GET https://localhost:7110/swagger/index.html - null null
2026-04-06 12:13:58.702 +05:30 [WRN] RequestId: 0HNKJKVFLF03C:00000001, PreviousRequestId: -
DownstreamRouteFinderMiddleware setting pipeline errors because DownstreamRouteFinder returned the following ->
UnableToFindDownstreamRouteError: Failed to match route configuration for upstream: GET /swagger/index.html
2026-04-06 12:13:58.706 +05:30 [WRN] RequestId: 0HNKJKVFLF03C:00000001, PreviousRequestId: -
ResponderMiddleware found 1 error ->
UnableToFindDownstreamRouteError: Failed to match route configuration for upstream: GET /swagger/index.html
Setting error response for request: GET /swagger/index.html
2026-04-06 12:13:58.717 +05:30 [INF] HTTP GET /swagger/index.html responded 404 in 2838.5506 ms
2026-04-06 12:13:58.740 +05:30 [INF] Request finished HTTP/2 GET https://localhost:7110/swagger/index.html - 404 null null 3092.3987ms
2026-04-06 12:14:05.247 +05:30 [INF] Request starting HTTP/2 GET https://localhost:7110/swagger/index.html - null null
2026-04-06 12:14:05.269 +05:30 [WRN] RequestId: 0HNKJKVFLF03C:00000003, PreviousRequestId: -
DownstreamRouteFinderMiddleware setting pipeline errors because DownstreamRouteFinder returned the following ->
UnableToFindDownstreamRouteError: Failed to match route configuration for upstream: GET /swagger/index.html
2026-04-06 12:14:05.273 +05:30 [WRN] RequestId: 0HNKJKVFLF03C:00000003, PreviousRequestId: -
ResponderMiddleware found 1 error ->
UnableToFindDownstreamRouteError: Failed to match route configuration for upstream: GET /swagger/index.html
Setting error response for request: GET /swagger/index.html
2026-04-06 12:14:05.276 +05:30 [INF] HTTP GET /swagger/index.html responded 404 in 10.9356 ms
2026-04-06 12:14:05.282 +05:30 [INF] Request finished HTTP/2 GET https://localhost:7110/swagger/index.html - 404 null null 35.4146ms
2026-04-06 12:18:10.162 +05:30 [INF] User profile is available. Using 'C:\Users\ENVY\AppData\Local\ASP.NET\DataProtection-Keys' as key repository and Windows DPAPI to encrypt keys at rest.
2026-04-06 12:18:10.596 +05:30 [INF] Now listening on: https://localhost:7110
2026-04-06 12:18:10.602 +05:30 [INF] Now listening on: http://localhost:5089
2026-04-06 12:18:10.911 +05:30 [INF] Application started. Press Ctrl+C to shut down.
2026-04-06 12:18:10.919 +05:30 [INF] Hosting environment: Development
2026-04-06 12:18:10.938 +05:30 [INF] Content root path: D:\dotNet\StaffTrack\APIGateway
2026-04-06 12:18:11.572 +05:30 [INF] Request starting HTTP/2 GET https://localhost:7110/swagger/index.html - null null
2026-04-06 12:18:12.370 +05:30 [INF] HTTP GET /swagger/index.html responded 200 in 463.2082 ms
2026-04-06 12:18:12.400 +05:30 [INF] Request finished HTTP/2 GET https://localhost:7110/swagger/index.html - 200 null text/html;charset=utf-8 830.2821ms
2026-04-06 12:18:12.567 +05:30 [INF] Request starting HTTP/2 GET https://localhost:7110/_framework/aspnetcore-browser-refresh.js - null null
2026-04-06 12:18:12.567 +05:30 [INF] Request starting HTTP/2 GET https://localhost:7110/_vs/browserLink - null null
2026-04-06 12:18:12.584 +05:30 [INF] Request finished HTTP/2 GET https://localhost:7110/_framework/aspnetcore-browser-refresh.js - 200 14933 application/javascript; charset=utf-8 18.1178ms
2026-04-06 12:18:12.675 +05:30 [INF] Request finished HTTP/2 GET https://localhost:7110/_vs/browserLink - 200 null text/javascript; charset=UTF-8 107.8906ms
2026-04-06 12:18:13.558 +05:30 [INF] Request starting HTTP/2 GET https://localhost:7110/swagger/docs/v1/auth - null null
2026-04-06 12:18:13.641 +05:30 [INF] Start processing HTTP request GET https://localhost:5001/swagger/v1/swagger.json
2026-04-06 12:18:13.650 +05:30 [INF] Sending HTTP request GET https://localhost:5001/swagger/v1/swagger.json
2026-04-06 12:18:17.762 +05:30 [ERR] HTTP GET /swagger/docs/v1/auth responded 500 in 4195.7618 ms
System.Net.Http.HttpRequestException: No connection could be made because the target machine actively refused it. (localhost:5001)
 ---> System.Net.Sockets.SocketException (10061): No connection could be made because the target machine actively refused it.
   at System.Net.Sockets.Socket.AwaitableSocketAsyncEventArgs.ThrowException(SocketError error, CancellationToken cancellationToken)
   at System.Net.Sockets.Socket.AwaitableSocketAsyncEventArgs.System.Threading.Tasks.Sources.IValueTaskSource.GetResult(Int16 token)
   at System.Net.Sockets.Socket.<ConnectAsync>g__WaitForConnectWithCancellation|285_0(AwaitableSocketAsyncEventArgs saea, ValueTask connectTask, CancellationToken cancellationToken)
   at System.Net.Http.HttpConnectionPool.ConnectToTcpHostAsync(String host, Int32 port, HttpRequestMessage initialRequest, Boolean async, CancellationToken cancellationToken)
   --- End of inner exception stack trace ---
   at System.Net.Http.HttpConnectionPool.ConnectToTcpHostAsync(String host, Int32 port, HttpRequestMessage initialRequest, Boolean async, CancellationToken cancellationToken)
   at System.Net.Http.HttpConnectionPool.ConnectAsync(HttpRequestMessage request, Boolean async, CancellationToken cancellationToken)
   at System.Net.Http.HttpConnectionPool.CreateHttp11ConnectionAsync(HttpRequestMessage request, Boolean async, CancellationToken cancellationToken)
   at System.Net.Http.HttpConnectionPool.AddHttp11ConnectionAsync(QueueItem queueItem)
   at System.Threading.Tasks.TaskCompletionSourceWithCancellation`1.WaitWithCancellationAsync(CancellationToken cancellationToken)
   at System.Net.Http.HttpConnectionPool.SendWithVersionDetectionAndRetryAsync(HttpRequestMessage request, Boolean async, Boolean doRequestAuth, CancellationToken cancellationToken)
   at System.Net.Http.DiagnosticsHandler.SendAsyncCore(HttpRequestMessage request, Boolean async, CancellationToken cancellationToken)
   at System.Net.Http.RedirectHandler.SendAsync(HttpRequestMessage request, Boolean async, CancellationToken cancellationToken)
   at Microsoft.Extensions.Http.Logging.LoggingHttpMessageHandler.<SendCoreAsync>g__Core|5_0(HttpRequestMessage request, Boolean useAsync, CancellationToken cancellationToken)
   at Microsoft.Extensions.Http.Logging.LoggingScopeHttpMessageHandler.<SendCoreAsync>g__Core|5_0(HttpRequestMessage request, Boolean useAsync, CancellationToken cancellationToken)
   at System.Net.Http.HttpClient.GetStringAsyncCore(HttpRequestMessage request, CancellationToken cancellationToken)
   at MMLib.SwaggerForOcelot.Repositories.DownstreamSwaggerDocsRepository.GetSwaggerJsonAsync(RouteOptions route, SwaggerEndPointOptions endPoint, String docsVersion)
   at MMLib.SwaggerForOcelot.Middleware.SwaggerForOcelotMiddleware.Invoke(HttpContext context, ISwaggerEndPointProvider swaggerEndPointRepository, IDownstreamSwaggerDocsRepository downstreamSwaggerDocs)
   at Microsoft.AspNetCore.Builder.Extensions.MapMiddleware.InvokeCore(HttpContext context, PathString matchedPath, PathString remainingPath)
   at Microsoft.AspNetCore.Authorization.AuthorizationMiddleware.Invoke(HttpContext context)
   at Microsoft.AspNetCore.Authentication.AuthenticationMiddleware.Invoke(HttpContext context)
   at Serilog.AspNetCore.RequestLoggingMiddleware.Invoke(HttpContext httpContext)
2026-04-06 12:18:17.896 +05:30 [ERR] An unhandled exception has occurred while executing the request.
System.Net.Http.HttpRequestException: No connection could be made because the target machine actively refused it. (localhost:5001)
 ---> System.Net.Sockets.SocketException (10061): No connection could be made because the target machine actively refused it.
   at System.Net.Sockets.Socket.AwaitableSocketAsyncEventArgs.ThrowException(SocketError error, CancellationToken cancellationToken)
   at System.Net.Sockets.Socket.AwaitableSocketAsyncEventArgs.System.Threading.Tasks.Sources.IValueTaskSource.GetResult(Int16 token)
   at System.Net.Sockets.Socket.<ConnectAsync>g__WaitForConnectWithCancellation|285_0(AwaitableSocketAsyncEventArgs saea, ValueTask connectTask, CancellationToken cancellationToken)
   at System.Net.Http.HttpConnectionPool.ConnectToTcpHostAsync(String host, Int32 port, HttpRequestMessage initialRequest, Boolean async, CancellationToken cancellationToken)
   --- End of inner exception stack trace ---
   at System.Net.Http.HttpConnectionPool.ConnectToTcpHostAsync(String host, Int32 port, HttpRequestMessage initialRequest, Boolean async, CancellationToken cancellationToken)
   at System.Net.Http.HttpConnectionPool.ConnectAsync(HttpRequestMessage request, Boolean async, CancellationToken cancellationToken)
   at System.Net.Http.HttpConnectionPool.CreateHttp11ConnectionAsync(HttpRequestMessage request, Boolean async, CancellationToken cancellationToken)
   at System.Net.Http.HttpConnectionPool.AddHttp11ConnectionAsync(QueueItem queueItem)
   at System.Threading.Tasks.TaskCompletionSourceWithCancellation`1.WaitWithCancellationAsync(CancellationToken cancellationToken)
   at System.Net.Http.HttpConnectionPool.SendWithVersionDetectionAndRetryAsync(HttpRequestMessage request, Boolean async, Boolean doRequestAuth, CancellationToken cancellationToken)
   at System.Net.Http.DiagnosticsHandler.SendAsyncCore(HttpRequestMessage request, Boolean async, CancellationToken cancellationToken)
   at System.Net.Http.RedirectHandler.SendAsync(HttpRequestMessage request, Boolean async, CancellationToken cancellationToken)
   at Microsoft.Extensions.Http.Logging.LoggingHttpMessageHandler.<SendCoreAsync>g__Core|5_0(HttpRequestMessage request, Boolean useAsync, CancellationToken cancellationToken)
   at Microsoft.Extensions.Http.Logging.LoggingScopeHttpMessageHandler.<SendCoreAsync>g__Core|5_0(HttpRequestMessage request, Boolean useAsync, CancellationToken cancellationToken)
   at System.Net.Http.HttpClient.GetStringAsyncCore(HttpRequestMessage request, CancellationToken cancellationToken)
   at MMLib.SwaggerForOcelot.Repositories.DownstreamSwaggerDocsRepository.GetSwaggerJsonAsync(RouteOptions route, SwaggerEndPointOptions endPoint, String docsVersion)
   at MMLib.SwaggerForOcelot.Middleware.SwaggerForOcelotMiddleware.Invoke(HttpContext context, ISwaggerEndPointProvider swaggerEndPointRepository, IDownstreamSwaggerDocsRepository downstreamSwaggerDocs)
   at Microsoft.AspNetCore.Builder.Extensions.MapMiddleware.InvokeCore(HttpContext context, PathString matchedPath, PathString remainingPath)
   at Microsoft.AspNetCore.Authorization.AuthorizationMiddleware.Invoke(HttpContext context)
   at Microsoft.AspNetCore.Authentication.AuthenticationMiddleware.Invoke(HttpContext context)
   at Serilog.AspNetCore.RequestLoggingMiddleware.Invoke(HttpContext httpContext)
   at Microsoft.AspNetCore.MiddlewareAnalysis.AnalysisMiddleware.Invoke(HttpContext httpContext)
   at Microsoft.AspNetCore.Diagnostics.DeveloperExceptionPageMiddlewareImpl.Invoke(HttpContext context)
2026-04-06 12:18:17.932 +05:30 [INF] Request finished HTTP/2 GET https://localhost:7110/swagger/docs/v1/auth - 500 null text/plain; charset=utf-8 4374.2513ms
2026-04-06 12:18:59.443 +05:30 [INF] Request starting HTTP/2 GET https://localhost:7110/swagger/docs/v1/employee - null null
2026-04-06 12:18:59.472 +05:30 [INF] Start processing HTTP request GET https://localhost:5002/swagger/v1/swagger.json
2026-04-06 12:18:59.476 +05:30 [INF] Sending HTTP request GET https://localhost:5002/swagger/v1/swagger.json
2026-04-06 12:19:03.569 +05:30 [ERR] HTTP GET /swagger/docs/v1/employee responded 500 in 4104.9741 ms
System.Net.Http.HttpRequestException: No connection could be made because the target machine actively refused it. (localhost:5002)
 ---> System.Net.Sockets.SocketException (10061): No connection could be made because the target machine actively refused it.
   at System.Net.Sockets.Socket.AwaitableSocketAsyncEventArgs.ThrowException(SocketError error, CancellationToken cancellationToken)
   at System.Net.Sockets.Socket.AwaitableSocketAsyncEventArgs.System.Threading.Tasks.Sources.IValueTaskSource.GetResult(Int16 token)
   at System.Net.Sockets.Socket.<ConnectAsync>g__WaitForConnectWithCancellation|285_0(AwaitableSocketAsyncEventArgs saea, ValueTask connectTask, CancellationToken cancellationToken)
   at System.Net.Http.HttpConnectionPool.ConnectToTcpHostAsync(String host, Int32 port, HttpRequestMessage initialRequest, Boolean async, CancellationToken cancellationToken)
   --- End of inner exception stack trace ---
   at System.Net.Http.HttpConnectionPool.ConnectToTcpHostAsync(String host, Int32 port, HttpRequestMessage initialRequest, Boolean async, CancellationToken cancellationToken)
   at System.Net.Http.HttpConnectionPool.ConnectAsync(HttpRequestMessage request, Boolean async, CancellationToken cancellationToken)
   at System.Net.Http.HttpConnectionPool.CreateHttp11ConnectionAsync(HttpRequestMessage request, Boolean async, CancellationToken cancellationToken)
   at System.Net.Http.HttpConnectionPool.AddHttp11ConnectionAsync(QueueItem queueItem)
   at System.Threading.Tasks.TaskCompletionSourceWithCancellation`1.WaitWithCancellationAsync(CancellationToken cancellationToken)
   at System.Net.Http.HttpConnectionPool.SendWithVersionDetectionAndRetryAsync(HttpRequestMessage request, Boolean async, Boolean doRequestAuth, CancellationToken cancellationToken)
   at System.Net.Http.DiagnosticsHandler.SendAsyncCore(HttpRequestMessage request, Boolean async, CancellationToken cancellationToken)
   at System.Net.Http.RedirectHandler.SendAsync(HttpRequestMessage request, Boolean async, CancellationToken cancellationToken)
   at Microsoft.Extensions.Http.Logging.LoggingHttpMessageHandler.<SendCoreAsync>g__Core|5_0(HttpRequestMessage request, Boolean useAsync, CancellationToken cancellationToken)
   at Microsoft.Extensions.Http.Logging.LoggingScopeHttpMessageHandler.<SendCoreAsync>g__Core|5_0(HttpRequestMessage request, Boolean useAsync, CancellationToken cancellationToken)
   at System.Net.Http.HttpClient.GetStringAsyncCore(HttpRequestMessage request, CancellationToken cancellationToken)
   at MMLib.SwaggerForOcelot.Repositories.DownstreamSwaggerDocsRepository.GetSwaggerJsonAsync(RouteOptions route, SwaggerEndPointOptions endPoint, String docsVersion)
   at MMLib.SwaggerForOcelot.Middleware.SwaggerForOcelotMiddleware.Invoke(HttpContext context, ISwaggerEndPointProvider swaggerEndPointRepository, IDownstreamSwaggerDocsRepository downstreamSwaggerDocs)
   at Microsoft.AspNetCore.Builder.Extensions.MapMiddleware.InvokeCore(HttpContext context, PathString matchedPath, PathString remainingPath)
   at Microsoft.AspNetCore.Authorization.AuthorizationMiddleware.Invoke(HttpContext context)
   at Microsoft.AspNetCore.Authentication.AuthenticationMiddleware.Invoke(HttpContext context)
   at Serilog.AspNetCore.RequestLoggingMiddleware.Invoke(HttpContext httpContext)
2026-04-06 12:19:03.588 +05:30 [ERR] An unhandled exception has occurred while executing the request.
System.Net.Http.HttpRequestException: No connection could be made because the target machine actively refused it. (localhost:5002)
 ---> System.Net.Sockets.SocketException (10061): No connection could be made because the target machine actively refused it.
   at System.Net.Sockets.Socket.AwaitableSocketAsyncEventArgs.ThrowException(SocketError error, CancellationToken cancellationToken)
   at System.Net.Sockets.Socket.AwaitableSocketAsyncEventArgs.System.Threading.Tasks.Sources.IValueTaskSource.GetResult(Int16 token)
   at System.Net.Sockets.Socket.<ConnectAsync>g__WaitForConnectWithCancellation|285_0(AwaitableSocketAsyncEventArgs saea, ValueTask connectTask, CancellationToken cancellationToken)
   at System.Net.Http.HttpConnectionPool.ConnectToTcpHostAsync(String host, Int32 port, HttpRequestMessage initialRequest, Boolean async, CancellationToken cancellationToken)
   --- End of inner exception stack trace ---
   at System.Net.Http.HttpConnectionPool.ConnectToTcpHostAsync(String host, Int32 port, HttpRequestMessage initialRequest, Boolean async, CancellationToken cancellationToken)
   at System.Net.Http.HttpConnectionPool.ConnectAsync(HttpRequestMessage request, Boolean async, CancellationToken cancellationToken)
   at System.Net.Http.HttpConnectionPool.CreateHttp11ConnectionAsync(HttpRequestMessage request, Boolean async, CancellationToken cancellationToken)
   at System.Net.Http.HttpConnectionPool.AddHttp11ConnectionAsync(QueueItem queueItem)
   at System.Threading.Tasks.TaskCompletionSourceWithCancellation`1.WaitWithCancellationAsync(CancellationToken cancellationToken)
   at System.Net.Http.HttpConnectionPool.SendWithVersionDetectionAndRetryAsync(HttpRequestMessage request, Boolean async, Boolean doRequestAuth, CancellationToken cancellationToken)
   at System.Net.Http.DiagnosticsHandler.SendAsyncCore(HttpRequestMessage request, Boolean async, CancellationToken cancellationToken)
   at System.Net.Http.RedirectHandler.SendAsync(HttpRequestMessage request, Boolean async, CancellationToken cancellationToken)
   at Microsoft.Extensions.Http.Logging.LoggingHttpMessageHandler.<SendCoreAsync>g__Core|5_0(HttpRequestMessage request, Boolean useAsync, CancellationToken cancellationToken)
   at Microsoft.Extensions.Http.Logging.LoggingScopeHttpMessageHandler.<SendCoreAsync>g__Core|5_0(HttpRequestMessage request, Boolean useAsync, CancellationToken cancellationToken)
   at System.Net.Http.HttpClient.GetStringAsyncCore(HttpRequestMessage request, CancellationToken cancellationToken)
   at MMLib.SwaggerForOcelot.Repositories.DownstreamSwaggerDocsRepository.GetSwaggerJsonAsync(RouteOptions route, SwaggerEndPointOptions endPoint, String docsVersion)
   at MMLib.SwaggerForOcelot.Middleware.SwaggerForOcelotMiddleware.Invoke(HttpContext context, ISwaggerEndPointProvider swaggerEndPointRepository, IDownstreamSwaggerDocsRepository downstreamSwaggerDocs)
   at Microsoft.AspNetCore.Builder.Extensions.MapMiddleware.InvokeCore(HttpContext context, PathString matchedPath, PathString remainingPath)
   at Microsoft.AspNetCore.Authorization.AuthorizationMiddleware.Invoke(HttpContext context)
   at Microsoft.AspNetCore.Authentication.AuthenticationMiddleware.Invoke(HttpContext context)
   at Serilog.AspNetCore.RequestLoggingMiddleware.Invoke(HttpContext httpContext)
   at Microsoft.AspNetCore.MiddlewareAnalysis.AnalysisMiddleware.Invoke(HttpContext httpContext)
   at Microsoft.AspNetCore.Diagnostics.DeveloperExceptionPageMiddlewareImpl.Invoke(HttpContext context)
2026-04-06 12:19:03.605 +05:30 [INF] Request finished HTTP/2 GET https://localhost:7110/swagger/docs/v1/employee - 500 null text/plain; charset=utf-8 4161.7476ms
2026-04-06 12:25:06.683 +05:30 [INF] User profile is available. Using 'C:\Users\ENVY\AppData\Local\ASP.NET\DataProtection-Keys' as key repository and Windows DPAPI to encrypt keys at rest.
2026-04-06 12:25:07.124 +05:30 [INF] Now listening on: https://localhost:7110
2026-04-06 12:25:07.128 +05:30 [INF] Now listening on: http://localhost:5089
2026-04-06 12:25:07.426 +05:30 [INF] Application started. Press Ctrl+C to shut down.
2026-04-06 12:25:07.428 +05:30 [INF] Hosting environment: Development
2026-04-06 12:25:07.430 +05:30 [INF] Content root path: D:\dotNet\StaffTrack\APIGateway
2026-04-06 12:25:08.580 +05:30 [INF] Request starting HTTP/2 GET https://localhost:7110/swagger/index.html - null null
2026-04-06 12:25:09.263 +05:30 [INF] HTTP GET /swagger/index.html responded 200 in 389.7745 ms
2026-04-06 12:25:09.297 +05:30 [INF] Request finished HTTP/2 GET https://localhost:7110/swagger/index.html - 200 null text/html;charset=utf-8 720.2178ms
2026-04-06 12:25:09.409 +05:30 [INF] Request starting HTTP/2 GET https://localhost:7110/_vs/browserLink - null null
2026-04-06 12:25:09.409 +05:30 [INF] Request starting HTTP/2 GET https://localhost:7110/_framework/aspnetcore-browser-refresh.js - null null
2026-04-06 12:25:09.477 +05:30 [INF] Request finished HTTP/2 GET https://localhost:7110/_framework/aspnetcore-browser-refresh.js - 200 14933 application/javascript; charset=utf-8 67.5483ms
2026-04-06 12:25:09.552 +05:30 [INF] Request finished HTTP/2 GET https://localhost:7110/_vs/browserLink - 200 null text/javascript; charset=UTF-8 143.44ms
2026-04-06 12:25:10.327 +05:30 [INF] Request starting HTTP/2 GET https://localhost:7110/swagger/docs/v1/auth - null null
2026-04-06 12:25:10.428 +05:30 [INF] Start processing HTTP request GET https://localhost:5001/swagger/v1/swagger.json
2026-04-06 12:25:10.440 +05:30 [INF] Sending HTTP request GET https://localhost:5001/swagger/v1/swagger.json
2026-04-06 12:25:14.558 +05:30 [ERR] HTTP GET /swagger/docs/v1/auth responded 500 in 4211.4367 ms
System.Net.Http.HttpRequestException: No connection could be made because the target machine actively refused it. (localhost:5001)
 ---> System.Net.Sockets.SocketException (10061): No connection could be made because the target machine actively refused it.
   at System.Net.Sockets.Socket.AwaitableSocketAsyncEventArgs.ThrowException(SocketError error, CancellationToken cancellationToken)
   at System.Net.Sockets.Socket.AwaitableSocketAsyncEventArgs.System.Threading.Tasks.Sources.IValueTaskSource.GetResult(Int16 token)
   at System.Net.Sockets.Socket.<ConnectAsync>g__WaitForConnectWithCancellation|285_0(AwaitableSocketAsyncEventArgs saea, ValueTask connectTask, CancellationToken cancellationToken)
   at System.Net.Http.HttpConnectionPool.ConnectToTcpHostAsync(String host, Int32 port, HttpRequestMessage initialRequest, Boolean async, CancellationToken cancellationToken)
   --- End of inner exception stack trace ---
   at System.Net.Http.HttpConnectionPool.ConnectToTcpHostAsync(String host, Int32 port, HttpRequestMessage initialRequest, Boolean async, CancellationToken cancellationToken)
   at System.Net.Http.HttpConnectionPool.ConnectAsync(HttpRequestMessage request, Boolean async, CancellationToken cancellationToken)
   at System.Net.Http.HttpConnectionPool.CreateHttp11ConnectionAsync(HttpRequestMessage request, Boolean async, CancellationToken cancellationToken)
   at System.Net.Http.HttpConnectionPool.AddHttp11ConnectionAsync(QueueItem queueItem)
   at System.Threading.Tasks.TaskCompletionSourceWithCancellation`1.WaitWithCancellationAsync(CancellationToken cancellationToken)
   at System.Net.Http.HttpConnectionPool.SendWithVersionDetectionAndRetryAsync(HttpRequestMessage request, Boolean async, Boolean doRequestAuth, CancellationToken cancellationToken)
   at System.Net.Http.DiagnosticsHandler.SendAsyncCore(HttpRequestMessage request, Boolean async, CancellationToken cancellationToken)
   at System.Net.Http.RedirectHandler.SendAsync(HttpRequestMessage request, Boolean async, CancellationToken cancellationToken)
   at Microsoft.Extensions.Http.Logging.LoggingHttpMessageHandler.<SendCoreAsync>g__Core|5_0(HttpRequestMessage request, Boolean useAsync, CancellationToken cancellationToken)
   at Microsoft.Extensions.Http.Logging.LoggingScopeHttpMessageHandler.<SendCoreAsync>g__Core|5_0(HttpRequestMessage request, Boolean useAsync, CancellationToken cancellationToken)
   at System.Net.Http.HttpClient.GetStringAsyncCore(HttpRequestMessage request, CancellationToken cancellationToken)
   at MMLib.SwaggerForOcelot.Repositories.DownstreamSwaggerDocsRepository.GetSwaggerJsonAsync(RouteOptions route, SwaggerEndPointOptions endPoint, String docsVersion)
   at MMLib.SwaggerForOcelot.Middleware.SwaggerForOcelotMiddleware.Invoke(HttpContext context, ISwaggerEndPointProvider swaggerEndPointRepository, IDownstreamSwaggerDocsRepository downstreamSwaggerDocs)
   at Microsoft.AspNetCore.Builder.Extensions.MapMiddleware.InvokeCore(HttpContext context, PathString matchedPath, PathString remainingPath)
   at Microsoft.AspNetCore.Authorization.AuthorizationMiddleware.Invoke(HttpContext context)
   at Microsoft.AspNetCore.Authentication.AuthenticationMiddleware.Invoke(HttpContext context)
   at Serilog.AspNetCore.RequestLoggingMiddleware.Invoke(HttpContext httpContext)
2026-04-06 12:25:14.651 +05:30 [ERR] An unhandled exception has occurred while executing the request.
System.Net.Http.HttpRequestException: No connection could be made because the target machine actively refused it. (localhost:5001)
 ---> System.Net.Sockets.SocketException (10061): No connection could be made because the target machine actively refused it.
   at System.Net.Sockets.Socket.AwaitableSocketAsyncEventArgs.ThrowException(SocketError error, CancellationToken cancellationToken)
   at System.Net.Sockets.Socket.AwaitableSocketAsyncEventArgs.System.Threading.Tasks.Sources.IValueTaskSource.GetResult(Int16 token)
   at System.Net.Sockets.Socket.<ConnectAsync>g__WaitForConnectWithCancellation|285_0(AwaitableSocketAsyncEventArgs saea, ValueTask connectTask, CancellationToken cancellationToken)
   at System.Net.Http.HttpConnectionPool.ConnectToTcpHostAsync(String host, Int32 port, HttpRequestMessage initialRequest, Boolean async, CancellationToken cancellationToken)
   --- End of inner exception stack trace ---
   at System.Net.Http.HttpConnectionPool.ConnectToTcpHostAsync(String host, Int32 port, HttpRequestMessage initialRequest, Boolean async, CancellationToken cancellationToken)
   at System.Net.Http.HttpConnectionPool.ConnectAsync(HttpRequestMessage request, Boolean async, CancellationToken cancellationToken)
   at System.Net.Http.HttpConnectionPool.CreateHttp11ConnectionAsync(HttpRequestMessage request, Boolean async, CancellationToken cancellationToken)
   at System.Net.Http.HttpConnectionPool.AddHttp11ConnectionAsync(QueueItem queueItem)
   at System.Threading.Tasks.TaskCompletionSourceWithCancellation`1.WaitWithCancellationAsync(CancellationToken cancellationToken)
   at System.Net.Http.HttpConnectionPool.SendWithVersionDetectionAndRetryAsync(HttpRequestMessage request, Boolean async, Boolean doRequestAuth, CancellationToken cancellationToken)
   at System.Net.Http.DiagnosticsHandler.SendAsyncCore(HttpRequestMessage request, Boolean async, CancellationToken cancellationToken)
   at System.Net.Http.RedirectHandler.SendAsync(HttpRequestMessage request, Boolean async, CancellationToken cancellationToken)
   at Microsoft.Extensions.Http.Logging.LoggingHttpMessageHandler.<SendCoreAsync>g__Core|5_0(HttpRequestMessage request, Boolean useAsync, CancellationToken cancellationToken)
   at Microsoft.Extensions.Http.Logging.LoggingScopeHttpMessageHandler.<SendCoreAsync>g__Core|5_0(HttpRequestMessage request, Boolean useAsync, CancellationToken cancellationToken)
   at System.Net.Http.HttpClient.GetStringAsyncCore(HttpRequestMessage request, CancellationToken cancellationToken)
   at MMLib.SwaggerForOcelot.Repositories.DownstreamSwaggerDocsRepository.GetSwaggerJsonAsync(RouteOptions route, SwaggerEndPointOptions endPoint, String docsVersion)
   at MMLib.SwaggerForOcelot.Middleware.SwaggerForOcelotMiddleware.Invoke(HttpContext context, ISwaggerEndPointProvider swaggerEndPointRepository, IDownstreamSwaggerDocsRepository downstreamSwaggerDocs)
   at Microsoft.AspNetCore.Builder.Extensions.MapMiddleware.InvokeCore(HttpContext context, PathString matchedPath, PathString remainingPath)
   at Microsoft.AspNetCore.Authorization.AuthorizationMiddleware.Invoke(HttpContext context)
   at Microsoft.AspNetCore.Authentication.AuthenticationMiddleware.Invoke(HttpContext context)
   at Serilog.AspNetCore.RequestLoggingMiddleware.Invoke(HttpContext httpContext)
   at Microsoft.AspNetCore.MiddlewareAnalysis.AnalysisMiddleware.Invoke(HttpContext httpContext)
   at Microsoft.AspNetCore.Diagnostics.DeveloperExceptionPageMiddlewareImpl.Invoke(HttpContext context)
2026-04-06 12:25:14.681 +05:30 [INF] Request finished HTTP/2 GET https://localhost:7110/swagger/docs/v1/auth - 500 null text/plain; charset=utf-8 4353.4497ms
2026-04-06 12:25:32.885 +05:30 [INF] Request starting HTTP/2 GET https://localhost:7110/swagger/docs/v1/employee - null null
2026-04-06 12:25:32.902 +05:30 [INF] Start processing HTTP request GET https://localhost:5002/swagger/v1/swagger.json
2026-04-06 12:25:32.904 +05:30 [INF] Sending HTTP request GET https://localhost:5002/swagger/v1/swagger.json
2026-04-06 12:25:36.982 +05:30 [ERR] HTTP GET /swagger/docs/v1/employee responded 500 in 4086.8520 ms
System.Net.Http.HttpRequestException: No connection could be made because the target machine actively refused it. (localhost:5002)
 ---> System.Net.Sockets.SocketException (10061): No connection could be made because the target machine actively refused it.
   at System.Net.Sockets.Socket.AwaitableSocketAsyncEventArgs.ThrowException(SocketError error, CancellationToken cancellationToken)
   at System.Net.Sockets.Socket.AwaitableSocketAsyncEventArgs.System.Threading.Tasks.Sources.IValueTaskSource.GetResult(Int16 token)
   at System.Net.Sockets.Socket.<ConnectAsync>g__WaitForConnectWithCancellation|285_0(AwaitableSocketAsyncEventArgs saea, ValueTask connectTask, CancellationToken cancellationToken)
   at System.Net.Http.HttpConnectionPool.ConnectToTcpHostAsync(String host, Int32 port, HttpRequestMessage initialRequest, Boolean async, CancellationToken cancellationToken)
   --- End of inner exception stack trace ---
   at System.Net.Http.HttpConnectionPool.ConnectToTcpHostAsync(String host, Int32 port, HttpRequestMessage initialRequest, Boolean async, CancellationToken cancellationToken)
   at System.Net.Http.HttpConnectionPool.ConnectAsync(HttpRequestMessage request, Boolean async, CancellationToken cancellationToken)
   at System.Net.Http.HttpConnectionPool.CreateHttp11ConnectionAsync(HttpRequestMessage request, Boolean async, CancellationToken cancellationToken)
   at System.Net.Http.HttpConnectionPool.AddHttp11ConnectionAsync(QueueItem queueItem)
   at System.Threading.Tasks.TaskCompletionSourceWithCancellation`1.WaitWithCancellationAsync(CancellationToken cancellationToken)
   at System.Net.Http.HttpConnectionPool.SendWithVersionDetectionAndRetryAsync(HttpRequestMessage request, Boolean async, Boolean doRequestAuth, CancellationToken cancellationToken)
   at System.Net.Http.DiagnosticsHandler.SendAsyncCore(HttpRequestMessage request, Boolean async, CancellationToken cancellationToken)
   at System.Net.Http.RedirectHandler.SendAsync(HttpRequestMessage request, Boolean async, CancellationToken cancellationToken)
   at Microsoft.Extensions.Http.Logging.LoggingHttpMessageHandler.<SendCoreAsync>g__Core|5_0(HttpRequestMessage request, Boolean useAsync, CancellationToken cancellationToken)
   at Microsoft.Extensions.Http.Logging.LoggingScopeHttpMessageHandler.<SendCoreAsync>g__Core|5_0(HttpRequestMessage request, Boolean useAsync, CancellationToken cancellationToken)
   at System.Net.Http.HttpClient.GetStringAsyncCore(HttpRequestMessage request, CancellationToken cancellationToken)
   at MMLib.SwaggerForOcelot.Repositories.DownstreamSwaggerDocsRepository.GetSwaggerJsonAsync(RouteOptions route, SwaggerEndPointOptions endPoint, String docsVersion)
   at MMLib.SwaggerForOcelot.Middleware.SwaggerForOcelotMiddleware.Invoke(HttpContext context, ISwaggerEndPointProvider swaggerEndPointRepository, IDownstreamSwaggerDocsRepository downstreamSwaggerDocs)
   at Microsoft.AspNetCore.Builder.Extensions.MapMiddleware.InvokeCore(HttpContext context, PathString matchedPath, PathString remainingPath)
   at Microsoft.AspNetCore.Authorization.AuthorizationMiddleware.Invoke(HttpContext context)
   at Microsoft.AspNetCore.Authentication.AuthenticationMiddleware.Invoke(HttpContext context)
   at Serilog.AspNetCore.RequestLoggingMiddleware.Invoke(HttpContext httpContext)
2026-04-06 12:25:37.003 +05:30 [ERR] An unhandled exception has occurred while executing the request.
System.Net.Http.HttpRequestException: No connection could be made because the target machine actively refused it. (localhost:5002)
 ---> System.Net.Sockets.SocketException (10061): No connection could be made because the target machine actively refused it.
   at System.Net.Sockets.Socket.AwaitableSocketAsyncEventArgs.ThrowException(SocketError error, CancellationToken cancellationToken)
   at System.Net.Sockets.Socket.AwaitableSocketAsyncEventArgs.System.Threading.Tasks.Sources.IValueTaskSource.GetResult(Int16 token)
   at System.Net.Sockets.Socket.<ConnectAsync>g__WaitForConnectWithCancellation|285_0(AwaitableSocketAsyncEventArgs saea, ValueTask connectTask, CancellationToken cancellationToken)
   at System.Net.Http.HttpConnectionPool.ConnectToTcpHostAsync(String host, Int32 port, HttpRequestMessage initialRequest, Boolean async, CancellationToken cancellationToken)
   --- End of inner exception stack trace ---
   at System.Net.Http.HttpConnectionPool.ConnectToTcpHostAsync(String host, Int32 port, HttpRequestMessage initialRequest, Boolean async, CancellationToken cancellationToken)
   at System.Net.Http.HttpConnectionPool.ConnectAsync(HttpRequestMessage request, Boolean async, CancellationToken cancellationToken)
   at System.Net.Http.HttpConnectionPool.CreateHttp11ConnectionAsync(HttpRequestMessage request, Boolean async, CancellationToken cancellationToken)
   at System.Net.Http.HttpConnectionPool.AddHttp11ConnectionAsync(QueueItem queueItem)
   at System.Threading.Tasks.TaskCompletionSourceWithCancellation`1.WaitWithCancellationAsync(CancellationToken cancellationToken)
   at System.Net.Http.HttpConnectionPool.SendWithVersionDetectionAndRetryAsync(HttpRequestMessage request, Boolean async, Boolean doRequestAuth, CancellationToken cancellationToken)
   at System.Net.Http.DiagnosticsHandler.SendAsyncCore(HttpRequestMessage request, Boolean async, CancellationToken cancellationToken)
   at System.Net.Http.RedirectHandler.SendAsync(HttpRequestMessage request, Boolean async, CancellationToken cancellationToken)
   at Microsoft.Extensions.Http.Logging.LoggingHttpMessageHandler.<SendCoreAsync>g__Core|5_0(HttpRequestMessage request, Boolean useAsync, CancellationToken cancellationToken)
   at Microsoft.Extensions.Http.Logging.LoggingScopeHttpMessageHandler.<SendCoreAsync>g__Core|5_0(HttpRequestMessage request, Boolean useAsync, CancellationToken cancellationToken)
   at System.Net.Http.HttpClient.GetStringAsyncCore(HttpRequestMessage request, CancellationToken cancellationToken)
   at MMLib.SwaggerForOcelot.Repositories.DownstreamSwaggerDocsRepository.GetSwaggerJsonAsync(RouteOptions route, SwaggerEndPointOptions endPoint, String docsVersion)
   at MMLib.SwaggerForOcelot.Middleware.SwaggerForOcelotMiddleware.Invoke(HttpContext context, ISwaggerEndPointProvider swaggerEndPointRepository, IDownstreamSwaggerDocsRepository downstreamSwaggerDocs)
   at Microsoft.AspNetCore.Builder.Extensions.MapMiddleware.InvokeCore(HttpContext context, PathString matchedPath, PathString remainingPath)
   at Microsoft.AspNetCore.Authorization.AuthorizationMiddleware.Invoke(HttpContext context)
   at Microsoft.AspNetCore.Authentication.AuthenticationMiddleware.Invoke(HttpContext context)
   at Serilog.AspNetCore.RequestLoggingMiddleware.Invoke(HttpContext httpContext)
   at Microsoft.AspNetCore.MiddlewareAnalysis.AnalysisMiddleware.Invoke(HttpContext httpContext)
   at Microsoft.AspNetCore.Diagnostics.DeveloperExceptionPageMiddlewareImpl.Invoke(HttpContext context)
2026-04-06 12:25:37.024 +05:30 [INF] Request finished HTTP/2 GET https://localhost:7110/swagger/docs/v1/employee - 500 null text/plain; charset=utf-8 4138.8691ms
2026-04-06 12:26:49.410 +05:30 [INF] Request starting HTTP/2 GET https://localhost:7110/swagger/docs/v1/auth - null null
2026-04-06 12:26:49.429 +05:30 [INF] Start processing HTTP request GET https://localhost:5001/swagger/v1/swagger.json
2026-04-06 12:26:49.432 +05:30 [INF] Sending HTTP request GET https://localhost:5001/swagger/v1/swagger.json
2026-04-06 12:26:53.508 +05:30 [ERR] HTTP GET /swagger/docs/v1/auth responded 500 in 4080.5496 ms
System.Net.Http.HttpRequestException: No connection could be made because the target machine actively refused it. (localhost:5001)
 ---> System.Net.Sockets.SocketException (10061): No connection could be made because the target machine actively refused it.
   at System.Net.Sockets.Socket.AwaitableSocketAsyncEventArgs.ThrowException(SocketError error, CancellationToken cancellationToken)
   at System.Net.Sockets.Socket.AwaitableSocketAsyncEventArgs.System.Threading.Tasks.Sources.IValueTaskSource.GetResult(Int16 token)
   at System.Net.Sockets.Socket.<ConnectAsync>g__WaitForConnectWithCancellation|285_0(AwaitableSocketAsyncEventArgs saea, ValueTask connectTask, CancellationToken cancellationToken)
   at System.Net.Http.HttpConnectionPool.ConnectToTcpHostAsync(String host, Int32 port, HttpRequestMessage initialRequest, Boolean async, CancellationToken cancellationToken)
   --- End of inner exception stack trace ---
   at System.Net.Http.HttpConnectionPool.ConnectToTcpHostAsync(String host, Int32 port, HttpRequestMessage initialRequest, Boolean async, CancellationToken cancellationToken)
   at System.Net.Http.HttpConnectionPool.ConnectAsync(HttpRequestMessage request, Boolean async, CancellationToken cancellationToken)
   at System.Net.Http.HttpConnectionPool.CreateHttp11ConnectionAsync(HttpRequestMessage request, Boolean async, CancellationToken cancellationToken)
   at System.Net.Http.HttpConnectionPool.AddHttp11ConnectionAsync(QueueItem queueItem)
   at System.Threading.Tasks.TaskCompletionSourceWithCancellation`1.WaitWithCancellationAsync(CancellationToken cancellationToken)
   at System.Net.Http.HttpConnectionPool.SendWithVersionDetectionAndRetryAsync(HttpRequestMessage request, Boolean async, Boolean doRequestAuth, CancellationToken cancellationToken)
   at System.Net.Http.DiagnosticsHandler.SendAsyncCore(HttpRequestMessage request, Boolean async, CancellationToken cancellationToken)
   at System.Net.Http.RedirectHandler.SendAsync(HttpRequestMessage request, Boolean async, CancellationToken cancellationToken)
   at Microsoft.Extensions.Http.Logging.LoggingHttpMessageHandler.<SendCoreAsync>g__Core|5_0(HttpRequestMessage request, Boolean useAsync, CancellationToken cancellationToken)
   at Microsoft.Extensions.Http.Logging.LoggingScopeHttpMessageHandler.<SendCoreAsync>g__Core|5_0(HttpRequestMessage request, Boolean useAsync, CancellationToken cancellationToken)
   at System.Net.Http.HttpClient.GetStringAsyncCore(HttpRequestMessage request, CancellationToken cancellationToken)
   at MMLib.SwaggerForOcelot.Repositories.DownstreamSwaggerDocsRepository.GetSwaggerJsonAsync(RouteOptions route, SwaggerEndPointOptions endPoint, String docsVersion)
   at MMLib.SwaggerForOcelot.Middleware.SwaggerForOcelotMiddleware.Invoke(HttpContext context, ISwaggerEndPointProvider swaggerEndPointRepository, IDownstreamSwaggerDocsRepository downstreamSwaggerDocs)
   at Microsoft.AspNetCore.Builder.Extensions.MapMiddleware.InvokeCore(HttpContext context, PathString matchedPath, PathString remainingPath)
   at Microsoft.AspNetCore.Authorization.AuthorizationMiddleware.Invoke(HttpContext context)
   at Microsoft.AspNetCore.Authentication.AuthenticationMiddleware.Invoke(HttpContext context)
   at Serilog.AspNetCore.RequestLoggingMiddleware.Invoke(HttpContext httpContext)
2026-04-06 12:26:53.526 +05:30 [ERR] An unhandled exception has occurred while executing the request.
System.Net.Http.HttpRequestException: No connection could be made because the target machine actively refused it. (localhost:5001)
 ---> System.Net.Sockets.SocketException (10061): No connection could be made because the target machine actively refused it.
   at System.Net.Sockets.Socket.AwaitableSocketAsyncEventArgs.ThrowException(SocketError error, CancellationToken cancellationToken)
   at System.Net.Sockets.Socket.AwaitableSocketAsyncEventArgs.System.Threading.Tasks.Sources.IValueTaskSource.GetResult(Int16 token)
   at System.Net.Sockets.Socket.<ConnectAsync>g__WaitForConnectWithCancellation|285_0(AwaitableSocketAsyncEventArgs saea, ValueTask connectTask, CancellationToken cancellationToken)
   at System.Net.Http.HttpConnectionPool.ConnectToTcpHostAsync(String host, Int32 port, HttpRequestMessage initialRequest, Boolean async, CancellationToken cancellationToken)
   --- End of inner exception stack trace ---
   at System.Net.Http.HttpConnectionPool.ConnectToTcpHostAsync(String host, Int32 port, HttpRequestMessage initialRequest, Boolean async, CancellationToken cancellationToken)
   at System.Net.Http.HttpConnectionPool.ConnectAsync(HttpRequestMessage request, Boolean async, CancellationToken cancellationToken)
   at System.Net.Http.HttpConnectionPool.CreateHttp11ConnectionAsync(HttpRequestMessage request, Boolean async, CancellationToken cancellationToken)
   at System.Net.Http.HttpConnectionPool.AddHttp11ConnectionAsync(QueueItem queueItem)
   at System.Threading.Tasks.TaskCompletionSourceWithCancellation`1.WaitWithCancellationAsync(CancellationToken cancellationToken)
   at System.Net.Http.HttpConnectionPool.SendWithVersionDetectionAndRetryAsync(HttpRequestMessage request, Boolean async, Boolean doRequestAuth, CancellationToken cancellationToken)
   at System.Net.Http.DiagnosticsHandler.SendAsyncCore(HttpRequestMessage request, Boolean async, CancellationToken cancellationToken)
   at System.Net.Http.RedirectHandler.SendAsync(HttpRequestMessage request, Boolean async, CancellationToken cancellationToken)
   at Microsoft.Extensions.Http.Logging.LoggingHttpMessageHandler.<SendCoreAsync>g__Core|5_0(HttpRequestMessage request, Boolean useAsync, CancellationToken cancellationToken)
   at Microsoft.Extensions.Http.Logging.LoggingScopeHttpMessageHandler.<SendCoreAsync>g__Core|5_0(HttpRequestMessage request, Boolean useAsync, CancellationToken cancellationToken)
   at System.Net.Http.HttpClient.GetStringAsyncCore(HttpRequestMessage request, CancellationToken cancellationToken)
   at MMLib.SwaggerForOcelot.Repositories.DownstreamSwaggerDocsRepository.GetSwaggerJsonAsync(RouteOptions route, SwaggerEndPointOptions endPoint, String docsVersion)
   at MMLib.SwaggerForOcelot.Middleware.SwaggerForOcelotMiddleware.Invoke(HttpContext context, ISwaggerEndPointProvider swaggerEndPointRepository, IDownstreamSwaggerDocsRepository downstreamSwaggerDocs)
   at Microsoft.AspNetCore.Builder.Extensions.MapMiddleware.InvokeCore(HttpContext context, PathString matchedPath, PathString remainingPath)
   at Microsoft.AspNetCore.Authorization.AuthorizationMiddleware.Invoke(HttpContext context)
   at Microsoft.AspNetCore.Authentication.AuthenticationMiddleware.Invoke(HttpContext context)
   at Serilog.AspNetCore.RequestLoggingMiddleware.Invoke(HttpContext httpContext)
   at Microsoft.AspNetCore.MiddlewareAnalysis.AnalysisMiddleware.Invoke(HttpContext httpContext)
   at Microsoft.AspNetCore.Diagnostics.DeveloperExceptionPageMiddlewareImpl.Invoke(HttpContext context)
2026-04-06 12:26:53.547 +05:30 [INF] Request finished HTTP/2 GET https://localhost:7110/swagger/docs/v1/auth - 500 null text/plain; charset=utf-8 4136.7688ms
2026-04-06 12:32:02.673 +05:30 [INF] User profile is available. Using 'C:\Users\ENVY\AppData\Local\ASP.NET\DataProtection-Keys' as key repository and Windows DPAPI to encrypt keys at rest.
2026-04-06 12:32:03.106 +05:30 [INF] Now listening on: https://localhost:7110
2026-04-06 12:32:03.111 +05:30 [INF] Now listening on: http://localhost:5089
2026-04-06 12:32:03.391 +05:30 [INF] Application started. Press Ctrl+C to shut down.
2026-04-06 12:32:03.395 +05:30 [INF] Hosting environment: Development
2026-04-06 12:32:03.398 +05:30 [INF] Content root path: D:\dotNet\StaffTrack\APIGateway
2026-04-06 12:32:04.161 +05:30 [INF] Request starting HTTP/2 GET https://localhost:7110/swagger/index.html - null null
2026-04-06 12:32:04.900 +05:30 [INF] HTTP GET /swagger/index.html responded 200 in 428.2574 ms
2026-04-06 12:32:04.929 +05:30 [INF] Request finished HTTP/2 GET https://localhost:7110/swagger/index.html - 200 null text/html;charset=utf-8 770.3999ms
2026-04-06 12:32:05.050 +05:30 [INF] Request starting HTTP/2 GET https://localhost:7110/_vs/browserLink - null null
2026-04-06 12:32:05.050 +05:30 [INF] Request starting HTTP/2 GET https://localhost:7110/_framework/aspnetcore-browser-refresh.js - null null
2026-04-06 12:32:05.075 +05:30 [INF] Request finished HTTP/2 GET https://localhost:7110/_framework/aspnetcore-browser-refresh.js - 200 14933 application/javascript; charset=utf-8 24.7647ms
2026-04-06 12:32:05.152 +05:30 [INF] Request finished HTTP/2 GET https://localhost:7110/_vs/browserLink - 200 null text/javascript; charset=UTF-8 102.2105ms
2026-04-06 12:32:05.951 +05:30 [INF] Request starting HTTP/2 GET https://localhost:7110/swagger/docs/v1/auth - null null
2026-04-06 12:32:06.034 +05:30 [INF] Start processing HTTP request GET https://localhost:7270/swagger/v1/swagger.json
2026-04-06 12:32:06.043 +05:30 [INF] Sending HTTP request GET https://localhost:7270/swagger/v1/swagger.json
2026-04-06 12:32:06.548 +05:30 [INF] Received HTTP response headers after 483.7339ms - 200
2026-04-06 12:32:06.569 +05:30 [INF] End processing HTTP request after 547.0078ms - 200
2026-04-06 12:32:07.042 +05:30 [INF] HTTP GET /swagger/docs/v1/auth responded 200 in 1081.7946 ms
2026-04-06 12:32:07.053 +05:30 [INF] Request finished HTTP/2 GET https://localhost:7110/swagger/docs/v1/auth - 200 null null 1101.9382ms
2026-04-06 12:32:21.263 +05:30 [INF] Request starting HTTP/2 GET https://localhost:7110/swagger/docs/v1/employee - null null
2026-04-06 12:32:21.285 +05:30 [INF] Start processing HTTP request GET https://localhost:7077/swagger/v1/swagger.json
2026-04-06 12:32:21.288 +05:30 [INF] Sending HTTP request GET https://localhost:7077/swagger/v1/swagger.json
2026-04-06 12:32:21.379 +05:30 [INF] Received HTTP response headers after 88.1483ms - 200
2026-04-06 12:32:21.382 +05:30 [INF] End processing HTTP request after 97.6619ms - 200
2026-04-06 12:32:21.405 +05:30 [INF] HTTP GET /swagger/docs/v1/employee responded 200 in 128.6220 ms
2026-04-06 12:32:21.412 +05:30 [INF] Request finished HTTP/2 GET https://localhost:7110/swagger/docs/v1/employee - 200 null null 149.7285ms
2026-04-06 12:32:23.715 +05:30 [INF] Request starting HTTP/2 GET https://localhost:7110/swagger/docs/v1/leave - null null
2026-04-06 12:32:23.726 +05:30 [INF] Start processing HTTP request GET https://localhost:7280/swagger/v1/swagger.json
2026-04-06 12:32:23.732 +05:30 [INF] Sending HTTP request GET https://localhost:7280/swagger/v1/swagger.json
2026-04-06 12:32:23.804 +05:30 [INF] Received HTTP response headers after 69.674ms - 200
2026-04-06 12:32:23.808 +05:30 [INF] End processing HTTP request after 82.7499ms - 200
2026-04-06 12:32:23.853 +05:30 [INF] HTTP GET /swagger/docs/v1/leave responded 200 in 128.7637 ms
2026-04-06 12:32:23.859 +05:30 [INF] Request finished HTTP/2 GET https://localhost:7110/swagger/docs/v1/leave - 200 null null 144.0057ms
2026-04-06 12:32:26.162 +05:30 [INF] Request starting HTTP/2 GET https://localhost:7110/swagger/docs/v1/timesheet - null null
2026-04-06 12:32:26.173 +05:30 [INF] Start processing HTTP request GET https://localhost:7290/swagger/v1/swagger.json
2026-04-06 12:32:26.178 +05:30 [INF] Sending HTTP request GET https://localhost:7290/swagger/v1/swagger.json
2026-04-06 12:32:26.251 +05:30 [INF] Received HTTP response headers after 69.4324ms - 200
2026-04-06 12:32:26.255 +05:30 [INF] End processing HTTP request after 81.6227ms - 200
2026-04-06 12:32:26.265 +05:30 [INF] HTTP GET /swagger/docs/v1/timesheet responded 200 in 94.1585 ms
2026-04-06 12:32:26.269 +05:30 [INF] Request finished HTTP/2 GET https://localhost:7110/swagger/docs/v1/timesheet - 200 null null 107.6402ms
2026-04-06 12:32:47.915 +05:30 [INF] Request starting HTTP/2 GET https://localhost:7110/swagger/docs/v1/auth - null null
2026-04-06 12:32:47.938 +05:30 [INF] Start processing HTTP request GET https://localhost:7270/swagger/v1/swagger.json
2026-04-06 12:32:47.942 +05:30 [INF] Sending HTTP request GET https://localhost:7270/swagger/v1/swagger.json
2026-04-06 12:32:47.961 +05:30 [INF] Received HTTP response headers after 15.5866ms - 200
2026-04-06 12:32:47.965 +05:30 [INF] End processing HTTP request after 26.5269ms - 200
2026-04-06 12:32:47.990 +05:30 [INF] HTTP GET /swagger/docs/v1/auth responded 200 in 52.3161 ms
2026-04-06 12:32:47.996 +05:30 [INF] Request finished HTTP/2 GET https://localhost:7110/swagger/docs/v1/auth - 200 null null 82.1562ms
2026-04-06 12:32:53.748 +05:30 [INF] Request starting HTTP/2 GET https://localhost:7110/swagger/docs/v1/employee - null null
2026-04-06 12:32:53.767 +05:30 [INF] Start processing HTTP request GET https://localhost:7077/swagger/v1/swagger.json
2026-04-06 12:32:53.770 +05:30 [INF] Sending HTTP request GET https://localhost:7077/swagger/v1/swagger.json
2026-04-06 12:32:53.799 +05:30 [INF] Received HTTP response headers after 26.4474ms - 200
2026-04-06 12:32:53.802 +05:30 [INF] End processing HTTP request after 35.1675ms - 200
2026-04-06 12:32:53.826 +05:30 [INF] HTTP GET /swagger/docs/v1/employee responded 200 in 59.1213 ms
2026-04-06 12:32:53.831 +05:30 [INF] Request finished HTTP/2 GET https://localhost:7110/swagger/docs/v1/employee - 200 null null 82.7063ms
2026-04-06 12:32:55.931 +05:30 [INF] Request starting HTTP/2 GET https://localhost:7110/swagger/docs/v1/leave - null null
2026-04-06 12:32:55.939 +05:30 [INF] Start processing HTTP request GET https://localhost:7280/swagger/v1/swagger.json
2026-04-06 12:32:55.944 +05:30 [INF] Sending HTTP request GET https://localhost:7280/swagger/v1/swagger.json
2026-04-06 12:32:55.957 +05:30 [INF] Received HTTP response headers after 9.7119ms - 200
2026-04-06 12:32:55.961 +05:30 [INF] End processing HTTP request after 21.7194ms - 200
2026-04-06 12:32:55.996 +05:30 [INF] HTTP GET /swagger/docs/v1/leave responded 200 in 57.6052 ms
2026-04-06 12:32:56.000 +05:30 [INF] Request finished HTTP/2 GET https://localhost:7110/swagger/docs/v1/leave - 200 null null 69.7594ms
2026-04-06 12:32:58.214 +05:30 [INF] Request starting HTTP/2 GET https://localhost:7110/swagger/docs/v1/timesheet - null null
2026-04-06 12:32:58.221 +05:30 [INF] Start processing HTTP request GET https://localhost:7290/swagger/v1/swagger.json
2026-04-06 12:32:58.225 +05:30 [INF] Sending HTTP request GET https://localhost:7290/swagger/v1/swagger.json
2026-04-06 12:32:58.267 +05:30 [INF] Received HTTP response headers after 37.4613ms - 200
2026-04-06 12:32:58.270 +05:30 [INF] End processing HTTP request after 49.03ms - 200
2026-04-06 12:32:58.297 +05:30 [INF] HTTP GET /swagger/docs/v1/timesheet responded 200 in 76.4237 ms
2026-04-06 12:32:58.301 +05:30 [INF] Request finished HTTP/2 GET https://localhost:7110/swagger/docs/v1/timesheet - 200 null null 87.037ms
2026-04-06 12:33:03.216 +05:30 [INF] Request starting HTTP/2 GET https://localhost:7110/swagger/docs/v1/auth - null null
2026-04-06 12:33:03.226 +05:30 [INF] Start processing HTTP request GET https://localhost:7270/swagger/v1/swagger.json
2026-04-06 12:33:03.230 +05:30 [INF] Sending HTTP request GET https://localhost:7270/swagger/v1/swagger.json
2026-04-06 12:33:03.246 +05:30 [INF] Received HTTP response headers after 12.6861ms - 200
2026-04-06 12:33:03.251 +05:30 [INF] End processing HTTP request after 24.8239ms - 200
2026-04-06 12:33:03.267 +05:30 [INF] HTTP GET /swagger/docs/v1/auth responded 200 in 41.5880 ms
2026-04-06 12:33:03.275 +05:30 [INF] Request finished HTTP/2 GET https://localhost:7110/swagger/docs/v1/auth - 200 null null 59.392ms
2026-04-06 12:33:04.960 +05:30 [INF] Request starting HTTP/2 GET https://localhost:7110/swagger/docs/v1/employee - null null
2026-04-06 12:33:04.968 +05:30 [INF] Start processing HTTP request GET https://localhost:7077/swagger/v1/swagger.json
2026-04-06 12:33:04.971 +05:30 [INF] Sending HTTP request GET https://localhost:7077/swagger/v1/swagger.json
2026-04-06 12:33:04.990 +05:30 [INF] Received HTTP response headers after 15.2273ms - 200
2026-04-06 12:33:04.993 +05:30 [INF] End processing HTTP request after 24.3677ms - 200
2026-04-06 12:33:05.007 +05:30 [INF] HTTP GET /swagger/docs/v1/employee responded 200 in 39.0308 ms
2026-04-06 12:33:05.011 +05:30 [INF] Request finished HTTP/2 GET https://localhost:7110/swagger/docs/v1/employee - 200 null null 51.0091ms
2026-04-06 12:33:07.390 +05:30 [INF] Request starting HTTP/2 GET https://localhost:7110/swagger/docs/v1/leave - null null
2026-04-06 12:33:07.397 +05:30 [INF] Start processing HTTP request GET https://localhost:7280/swagger/v1/swagger.json
2026-04-06 12:33:07.400 +05:30 [INF] Sending HTTP request GET https://localhost:7280/swagger/v1/swagger.json
2026-04-06 12:33:07.414 +05:30 [INF] Received HTTP response headers after 11.3941ms - 200
2026-04-06 12:33:07.420 +05:30 [INF] End processing HTTP request after 22.5837ms - 200
2026-04-06 12:33:07.435 +05:30 [INF] HTTP GET /swagger/docs/v1/leave responded 200 in 38.6566 ms
2026-04-06 12:33:07.440 +05:30 [INF] Request finished HTTP/2 GET https://localhost:7110/swagger/docs/v1/leave - 200 null null 50.2173ms
2026-04-06 12:33:10.027 +05:30 [INF] Request starting HTTP/2 GET https://localhost:7110/swagger/docs/v1/timesheet - null null
2026-04-06 12:33:10.039 +05:30 [INF] Start processing HTTP request GET https://localhost:7290/swagger/v1/swagger.json
2026-04-06 12:33:10.042 +05:30 [INF] Sending HTTP request GET https://localhost:7290/swagger/v1/swagger.json
2026-04-06 12:33:10.059 +05:30 [INF] Received HTTP response headers after 13.8717ms - 200
2026-04-06 12:33:10.062 +05:30 [INF] End processing HTTP request after 23.0634ms - 200
2026-04-06 12:33:10.075 +05:30 [INF] HTTP GET /swagger/docs/v1/timesheet responded 200 in 36.0556 ms
2026-04-06 12:33:10.080 +05:30 [INF] Request finished HTTP/2 GET https://localhost:7110/swagger/docs/v1/timesheet - 200 null null 52.978ms
2026-04-06 14:33:01.135 +05:30 [INF] User profile is available. Using 'C:\Users\ENVY\AppData\Local\ASP.NET\DataProtection-Keys' as key repository and Windows DPAPI to encrypt keys at rest.
2026-04-06 14:33:01.616 +05:30 [INF] Now listening on: https://localhost:7110
2026-04-06 14:33:01.621 +05:30 [INF] Now listening on: http://localhost:5089
2026-04-06 14:33:01.882 +05:30 [INF] Application started. Press Ctrl+C to shut down.
2026-04-06 14:33:01.884 +05:30 [INF] Hosting environment: Development
2026-04-06 14:33:01.887 +05:30 [INF] Content root path: D:\dotNet\StaffTrack\APIGateway
2026-04-06 14:33:03.223 +05:30 [INF] Request starting HTTP/2 GET https://localhost:7110/swagger/index.html - null null
2026-04-06 14:33:07.961 +05:30 [INF] HTTP GET /swagger/index.html responded 200 in 4379.0090 ms
2026-04-06 14:33:07.984 +05:30 [INF] Request finished HTTP/2 GET https://localhost:7110/swagger/index.html - 200 null text/html;charset=utf-8 4764.2243ms
2026-04-06 14:33:08.097 +05:30 [INF] Request starting HTTP/2 GET https://localhost:7110/_vs/browserLink - null null
2026-04-06 14:33:08.097 +05:30 [INF] Request starting HTTP/2 GET https://localhost:7110/_framework/aspnetcore-browser-refresh.js - null null
2026-04-06 14:33:08.144 +05:30 [INF] Request finished HTTP/2 GET https://localhost:7110/_framework/aspnetcore-browser-refresh.js - 200 14933 application/javascript; charset=utf-8 46.9855ms
2026-04-06 14:33:08.197 +05:30 [INF] Request finished HTTP/2 GET https://localhost:7110/_vs/browserLink - 200 null text/javascript; charset=UTF-8 100.0172ms
2026-04-06 14:33:10.389 +05:30 [INF] Request starting HTTP/2 GET https://localhost:7110/swagger/docs/v1/auth - null null
2026-04-06 14:33:10.461 +05:30 [INF] Start processing HTTP request GET https://localhost:7270/swagger/v1/swagger.json
2026-04-06 14:33:10.473 +05:30 [INF] Sending HTTP request GET https://localhost:7270/swagger/v1/swagger.json
2026-04-06 14:33:10.570 +05:30 [INF] Received HTTP response headers after 88.4156ms - 200
2026-04-06 14:33:10.574 +05:30 [INF] End processing HTTP request after 124.1423ms - 200
2026-04-06 14:33:10.888 +05:30 [INF] HTTP GET /swagger/docs/v1/auth responded 200 in 491.2585 ms
2026-04-06 14:33:10.894 +05:30 [INF] Request finished HTTP/2 GET https://localhost:7110/swagger/docs/v1/auth - 200 null null 504.9089ms
2026-04-06 14:33:48.491 +05:30 [INF] Request starting HTTP/2 POST https://localhost:7110/gateway/auth/login - application/json 65
2026-04-06 14:33:48.505 +05:30 [INF] CORS policy execution successful.
2026-04-06 14:33:48.612 +05:30 [INF] RequestId: 0HNKJND79R2D5:00000001, PreviousRequestId: -
Rate limiting is disabled for route '/gateway/auth/{everything}' via the EnableRateLimiting option.
2026-04-06 14:33:48.620 +05:30 [INF] RequestId: 0HNKJND79R2D5:00000001, PreviousRequestId: -
The path '/gateway/auth/login' is an authenticated route! AuthenticationMiddleware checking if client is authenticated...
2026-04-06 14:33:48.631 +05:30 [WRN] RequestId: 0HNKJND79R2D5:00000001, PreviousRequestId: -
Client has NOT been authenticated for path '/gateway/auth/login' and pipeline error set. UnauthenticatedError: Request for authenticated route '/gateway/auth/login' was unauthenticated!;
2026-04-06 14:33:48.636 +05:30 [WRN] RequestId: 0HNKJND79R2D5:00000001, PreviousRequestId: -
ResponderMiddleware found 1 error ->
UnauthenticatedError: Request for authenticated route '/gateway/auth/login' was unauthenticated!
Setting error response for request: POST /gateway/auth/login
2026-04-06 14:33:48.642 +05:30 [INF] HTTP POST /gateway/auth/login responded 401 in 141.9020 ms
2026-04-06 14:33:48.651 +05:30 [INF] Request finished HTTP/2 POST https://localhost:7110/gateway/auth/login - 401 0 null 159.9365ms
2026-04-06 14:46:48.518 +05:30 [INF] Request starting HTTP/2 POST https://localhost:7110/gateway/auth/login - application/json 64
2026-04-06 14:46:48.960 +05:30 [INF] Failed to validate the token.
Microsoft.IdentityModel.Tokens.SecurityTokenMalformedException: IDX14100: JWT is not well formed, there are no dots (.).
The token needs to be in JWS or JWE Compact Serialization Format. (JWS): 'EncodedHeader.EndcodedPayload.EncodedSignature'. (JWE): 'EncodedProtectedHeader.EncodedEncryptedKey.EncodedInitializationVector.EncodedCiphertext.EncodedAuthenticationTag'.
 ---> System.MissingMethodException: Method not found: 'Byte[] Microsoft.IdentityModel.Tokens.Base64UrlEncoder.UnsafeDecode(System.ReadOnlyMemory`1<Char>)'.
   at Microsoft.IdentityModel.JsonWebTokens.JsonWebToken.ReadToken(String encodedJson)
   at Microsoft.IdentityModel.JsonWebTokens.JsonWebToken..ctor(String jwtEncodedString)
   at Microsoft.IdentityModel.JsonWebTokens.JsonWebTokenHandler.ReadToken(String token, TokenValidationParameters validationParameters)
   --- End of inner exception stack trace ---
2026-04-06 14:46:49.102 +05:30 [INF] Bearer was not authenticated. Failure message: IDX14100: JWT is not well formed, there are no dots (.).
The token needs to be in JWS or JWE Compact Serialization Format. (JWS): 'EncodedHeader.EndcodedPayload.EncodedSignature'. (JWE): 'EncodedProtectedHeader.EncodedEncryptedKey.EncodedInitializationVector.EncodedCiphertext.EncodedAuthenticationTag'.
2026-04-06 14:46:49.143 +05:30 [INF] RequestId: 0HNKJND79R2D7:00000001, PreviousRequestId: -
Rate limiting is disabled for route '/gateway/auth/{everything}' via the EnableRateLimiting option.
2026-04-06 14:46:49.146 +05:30 [INF] RequestId: 0HNKJND79R2D7:00000001, PreviousRequestId: -
The path '/gateway/auth/login' is an authenticated route! AuthenticationMiddleware checking if client is authenticated...
2026-04-06 14:46:49.149 +05:30 [INF] Bearer was not authenticated. Failure message: IDX14100: JWT is not well formed, there are no dots (.).
The token needs to be in JWS or JWE Compact Serialization Format. (JWS): 'EncodedHeader.EndcodedPayload.EncodedSignature'. (JWE): 'EncodedProtectedHeader.EncodedEncryptedKey.EncodedInitializationVector.EncodedCiphertext.EncodedAuthenticationTag'.
2026-04-06 14:46:49.152 +05:30 [WRN] RequestId: 0HNKJND79R2D7:00000001, PreviousRequestId: -
Client has NOT been authenticated for path '/gateway/auth/login' and pipeline error set. UnauthenticatedError: Request for authenticated route '/gateway/auth/login' was unauthenticated!;
2026-04-06 14:46:49.153 +05:30 [WRN] RequestId: 0HNKJND79R2D7:00000001, PreviousRequestId: -
ResponderMiddleware found 1 error ->
UnauthenticatedError: Request for authenticated route '/gateway/auth/login' was unauthenticated!
Setting error response for request: POST /gateway/auth/login
2026-04-06 14:46:49.157 +05:30 [INF] HTTP POST /gateway/auth/login responded 401 in 587.4541 ms
2026-04-06 14:46:49.164 +05:30 [INF] Request finished HTTP/2 POST https://localhost:7110/gateway/auth/login - 401 0 null 647.9945ms
2026-04-06 14:48:50.293 +05:30 [INF] Request starting HTTP/2 GET https://localhost:7110/gateway/auth/me - null null
2026-04-06 14:48:50.326 +05:30 [INF] RequestId: 0HNKJND79R2D8:00000001, PreviousRequestId: -
Rate limiting is disabled for route '/gateway/auth/{everything}' via the EnableRateLimiting option.
2026-04-06 14:48:50.329 +05:30 [INF] RequestId: 0HNKJND79R2D8:00000001, PreviousRequestId: -
The path '/gateway/auth/me' is an authenticated route! AuthenticationMiddleware checking if client is authenticated...
2026-04-06 14:48:50.331 +05:30 [WRN] RequestId: 0HNKJND79R2D8:00000001, PreviousRequestId: -
Client has NOT been authenticated for path '/gateway/auth/me' and pipeline error set. UnauthenticatedError: Request for authenticated route '/gateway/auth/me' was unauthenticated!;
2026-04-06 14:48:50.332 +05:30 [WRN] RequestId: 0HNKJND79R2D8:00000001, PreviousRequestId: -
ResponderMiddleware found 1 error ->
UnauthenticatedError: Request for authenticated route '/gateway/auth/me' was unauthenticated!
Setting error response for request: GET /gateway/auth/me
2026-04-06 14:48:50.334 +05:30 [INF] HTTP GET /gateway/auth/me responded 401 in 30.2008 ms
2026-04-06 14:48:50.339 +05:30 [INF] Request finished HTTP/2 GET https://localhost:7110/gateway/auth/me - 401 0 null 46.5866ms
2026-04-06 14:52:40.908 +05:30 [INF] User profile is available. Using 'C:\Users\ENVY\AppData\Local\ASP.NET\DataProtection-Keys' as key repository and Windows DPAPI to encrypt keys at rest.
2026-04-06 14:52:41.388 +05:30 [INF] Now listening on: https://localhost:7110
2026-04-06 14:52:41.392 +05:30 [INF] Now listening on: http://localhost:5089
2026-04-06 14:52:41.623 +05:30 [INF] Application started. Press Ctrl+C to shut down.
2026-04-06 14:52:41.626 +05:30 [INF] Hosting environment: Development
2026-04-06 14:52:41.641 +05:30 [INF] Content root path: D:\dotNet\StaffTrack\APIGateway
2026-04-06 14:52:42.937 +05:30 [INF] Request starting HTTP/2 GET https://localhost:7110/swagger/index.html - null null
2026-04-06 14:52:43.733 +05:30 [INF] HTTP GET /swagger/index.html responded 200 in 438.1837 ms
2026-04-06 14:52:43.757 +05:30 [INF] Request finished HTTP/2 GET https://localhost:7110/swagger/index.html - 200 null text/html;charset=utf-8 824.0226ms
2026-04-06 14:52:43.854 +05:30 [INF] Request starting HTTP/2 GET https://localhost:7110/_vs/browserLink - null null
2026-04-06 14:52:43.854 +05:30 [INF] Request starting HTTP/2 GET https://localhost:7110/_framework/aspnetcore-browser-refresh.js - null null
2026-04-06 14:52:43.910 +05:30 [INF] Request finished HTTP/2 GET https://localhost:7110/_framework/aspnetcore-browser-refresh.js - 200 14933 application/javascript; charset=utf-8 55.8597ms
2026-04-06 14:52:43.978 +05:30 [INF] Request finished HTTP/2 GET https://localhost:7110/_vs/browserLink - 200 null text/javascript; charset=UTF-8 124.3453ms
2026-04-06 14:52:44.815 +05:30 [INF] Request starting HTTP/2 GET https://localhost:7110/swagger/docs/v1/auth - null null
2026-04-06 14:52:44.888 +05:30 [INF] Start processing HTTP request GET https://localhost:7270/swagger/v1/swagger.json
2026-04-06 14:52:44.898 +05:30 [INF] Sending HTTP request GET https://localhost:7270/swagger/v1/swagger.json
2026-04-06 14:52:45.769 +05:30 [INF] Received HTTP response headers after 861.5721ms - 200
2026-04-06 14:52:45.779 +05:30 [INF] End processing HTTP request after 901.9395ms - 200
2026-04-06 14:52:46.189 +05:30 [INF] HTTP GET /swagger/docs/v1/auth responded 200 in 1368.0196 ms
2026-04-06 14:52:46.194 +05:30 [INF] Request finished HTTP/2 GET https://localhost:7110/swagger/docs/v1/auth - 200 null null 1379.6198ms
2026-04-06 14:53:49.116 +05:30 [INF] Request starting HTTP/2 POST https://localhost:7110/gateway/auth/login - application/json 65
2026-04-06 14:53:49.156 +05:30 [INF] CORS policy execution successful.
2026-04-06 14:53:49.261 +05:30 [INF] RequestId: 0HNKJNO6THI4P:00000009, PreviousRequestId: -
Rate limiting is disabled for route '/gateway/auth/login' via the EnableRateLimiting option.
2026-04-06 14:53:49.272 +05:30 [INF] RequestId: 0HNKJNO6THI4P:00000009, PreviousRequestId: -
No authentication is required for the path '/gateway/auth/login' in the route /gateway/auth/login.
2026-04-06 14:53:51.748 +05:30 [INF] RequestId: 0HNKJNO6THI4P:00000009, PreviousRequestId: -
200 OK status code of request URI: https://localhost:7270/api/auth/login
2026-04-06 14:53:51.775 +05:30 [INF] HTTP POST /gateway/auth/login responded 200 in 2623.8477 ms
2026-04-06 14:53:51.780 +05:30 [INF] Request finished HTTP/2 POST https://localhost:7110/gateway/auth/login - 200 null application/json; charset=utf-8 2663.3793ms
2026-04-06 14:53:51.790 +05:30 [INF] Request reached the end of the middleware pipeline without being handled by application code. Request path: POST https://localhost:7110/gateway/auth/login, Response status code: 200
2026-04-06 14:55:01.966 +05:30 [INF] Request starting HTTP/2 POST https://localhost:7110/gateway/auth/register - application/json 119
2026-04-06 14:55:01.998 +05:30 [INF] CORS policy execution successful.
2026-04-06 14:55:02.059 +05:30 [INF] Failed to validate the token.
Microsoft.IdentityModel.Tokens.SecurityTokenMalformedException: IDX14100: JWT is not well formed, there are no dots (.).
The token needs to be in JWS or JWE Compact Serialization Format. (JWS): 'EncodedHeader.EndcodedPayload.EncodedSignature'. (JWE): 'EncodedProtectedHeader.EncodedEncryptedKey.EncodedInitializationVector.EncodedCiphertext.EncodedAuthenticationTag'.
 ---> System.MissingMethodException: Method not found: 'Byte[] Microsoft.IdentityModel.Tokens.Base64UrlEncoder.UnsafeDecode(System.ReadOnlyMemory`1<Char>)'.
   at Microsoft.IdentityModel.JsonWebTokens.JsonWebToken.ReadToken(String encodedJson)
   at Microsoft.IdentityModel.JsonWebTokens.JsonWebToken..ctor(String jwtEncodedString)
   at Microsoft.IdentityModel.JsonWebTokens.JsonWebTokenHandler.ReadToken(String token, TokenValidationParameters validationParameters)
   --- End of inner exception stack trace ---
2026-04-06 14:55:02.132 +05:30 [INF] Bearer was not authenticated. Failure message: IDX14100: JWT is not well formed, there are no dots (.).
The token needs to be in JWS or JWE Compact Serialization Format. (JWS): 'EncodedHeader.EndcodedPayload.EncodedSignature'. (JWE): 'EncodedProtectedHeader.EncodedEncryptedKey.EncodedInitializationVector.EncodedCiphertext.EncodedAuthenticationTag'.
2026-04-06 14:55:02.144 +05:30 [INF] RequestId: 0HNKJNO6THI4P:0000000B, PreviousRequestId: -
Rate limiting is disabled for route '/gateway/auth/{everything}' via the EnableRateLimiting option.
2026-04-06 14:55:02.147 +05:30 [INF] RequestId: 0HNKJNO6THI4P:0000000B, PreviousRequestId: -
The path '/gateway/auth/register' is an authenticated route! AuthenticationMiddleware checking if client is authenticated...
2026-04-06 14:55:02.151 +05:30 [INF] Bearer was not authenticated. Failure message: IDX14100: JWT is not well formed, there are no dots (.).
The token needs to be in JWS or JWE Compact Serialization Format. (JWS): 'EncodedHeader.EndcodedPayload.EncodedSignature'. (JWE): 'EncodedProtectedHeader.EncodedEncryptedKey.EncodedInitializationVector.EncodedCiphertext.EncodedAuthenticationTag'.
2026-04-06 14:55:02.161 +05:30 [WRN] RequestId: 0HNKJNO6THI4P:0000000B, PreviousRequestId: -
Client has NOT been authenticated for path '/gateway/auth/register' and pipeline error set. UnauthenticatedError: Request for authenticated route '/gateway/auth/register' was unauthenticated!;
2026-04-06 14:55:02.165 +05:30 [WRN] RequestId: 0HNKJNO6THI4P:0000000B, PreviousRequestId: -
ResponderMiddleware found 1 error ->
UnauthenticatedError: Request for authenticated route '/gateway/auth/register' was unauthenticated!
Setting error response for request: POST /gateway/auth/register
2026-04-06 14:55:02.172 +05:30 [INF] HTTP POST /gateway/auth/register responded 401 in 174.8387 ms
2026-04-06 14:55:02.177 +05:30 [INF] Request finished HTTP/2 POST https://localhost:7110/gateway/auth/register - 401 0 null 211.079ms
2026-04-06 14:55:52.276 +05:30 [INF] Request starting HTTP/2 POST https://localhost:7110/gateway/auth/register - application/json 119
2026-04-06 14:55:52.313 +05:30 [INF] CORS policy execution successful.
2026-04-06 14:55:52.319 +05:30 [INF] Failed to validate the token.
Microsoft.IdentityModel.Tokens.SecurityTokenMalformedException: IDX14100: JWT is not well formed, there are no dots (.).
The token needs to be in JWS or JWE Compact Serialization Format. (JWS): 'EncodedHeader.EndcodedPayload.EncodedSignature'. (JWE): 'EncodedProtectedHeader.EncodedEncryptedKey.EncodedInitializationVector.EncodedCiphertext.EncodedAuthenticationTag'.
 ---> System.MissingMethodException: Method not found: 'Byte[] Microsoft.IdentityModel.Tokens.Base64UrlEncoder.UnsafeDecode(System.ReadOnlyMemory`1<Char>)'.
   at Microsoft.IdentityModel.JsonWebTokens.JsonWebToken.ReadToken(String encodedJson)
   at Microsoft.IdentityModel.JsonWebTokens.JsonWebToken..ctor(String jwtEncodedString)
   at Microsoft.IdentityModel.JsonWebTokens.JsonWebTokenHandler.ReadToken(String token, TokenValidationParameters validationParameters)
   --- End of inner exception stack trace ---
2026-04-06 14:55:52.324 +05:30 [INF] Bearer was not authenticated. Failure message: IDX14100: JWT is not well formed, there are no dots (.).
The token needs to be in JWS or JWE Compact Serialization Format. (JWS): 'EncodedHeader.EndcodedPayload.EncodedSignature'. (JWE): 'EncodedProtectedHeader.EncodedEncryptedKey.EncodedInitializationVector.EncodedCiphertext.EncodedAuthenticationTag'.
2026-04-06 14:55:52.328 +05:30 [INF] RequestId: 0HNKJNO6THI4P:0000000D, PreviousRequestId: -
Rate limiting is disabled for route '/gateway/auth/{everything}' via the EnableRateLimiting option.
2026-04-06 14:55:52.330 +05:30 [INF] RequestId: 0HNKJNO6THI4P:0000000D, PreviousRequestId: -
The path '/gateway/auth/register' is an authenticated route! AuthenticationMiddleware checking if client is authenticated...
2026-04-06 14:55:52.333 +05:30 [INF] Bearer was not authenticated. Failure message: IDX14100: JWT is not well formed, there are no dots (.).
The token needs to be in JWS or JWE Compact Serialization Format. (JWS): 'EncodedHeader.EndcodedPayload.EncodedSignature'. (JWE): 'EncodedProtectedHeader.EncodedEncryptedKey.EncodedInitializationVector.EncodedCiphertext.EncodedAuthenticationTag'.
2026-04-06 14:55:52.336 +05:30 [WRN] RequestId: 0HNKJNO6THI4P:0000000D, PreviousRequestId: -
Client has NOT been authenticated for path '/gateway/auth/register' and pipeline error set. UnauthenticatedError: Request for authenticated route '/gateway/auth/register' was unauthenticated!;
2026-04-06 14:55:52.338 +05:30 [WRN] RequestId: 0HNKJNO6THI4P:0000000D, PreviousRequestId: -
ResponderMiddleware found 1 error ->
UnauthenticatedError: Request for authenticated route '/gateway/auth/register' was unauthenticated!
Setting error response for request: POST /gateway/auth/register
2026-04-06 14:55:52.340 +05:30 [INF] HTTP POST /gateway/auth/register responded 401 in 27.7267 ms
2026-04-06 14:55:52.345 +05:30 [INF] Request finished HTTP/2 POST https://localhost:7110/gateway/auth/register - 401 0 null 70.0505ms
2026-04-06 15:00:38.505 +05:30 [INF] Request starting HTTP/2 POST https://localhost:7110/gateway/auth/login - application/json 65
2026-04-06 15:00:38.567 +05:30 [INF] CORS policy execution successful.
2026-04-06 15:00:38.655 +05:30 [INF] Failed to validate the token.
Microsoft.IdentityModel.Tokens.SecurityTokenMalformedException: IDX14100: JWT is not well formed, there are no dots (.).
The token needs to be in JWS or JWE Compact Serialization Format. (JWS): 'EncodedHeader.EndcodedPayload.EncodedSignature'. (JWE): 'EncodedProtectedHeader.EncodedEncryptedKey.EncodedInitializationVector.EncodedCiphertext.EncodedAuthenticationTag'.
 ---> System.MissingMethodException: Method not found: 'Byte[] Microsoft.IdentityModel.Tokens.Base64UrlEncoder.UnsafeDecode(System.ReadOnlyMemory`1<Char>)'.
   at Microsoft.IdentityModel.JsonWebTokens.JsonWebToken.ReadToken(String encodedJson)
   at Microsoft.IdentityModel.JsonWebTokens.JsonWebToken..ctor(String jwtEncodedString)
   at Microsoft.IdentityModel.JsonWebTokens.JsonWebTokenHandler.ReadToken(String token, TokenValidationParameters validationParameters)
   --- End of inner exception stack trace ---
2026-04-06 15:00:38.667 +05:30 [INF] Bearer was not authenticated. Failure message: IDX14100: JWT is not well formed, there are no dots (.).
The token needs to be in JWS or JWE Compact Serialization Format. (JWS): 'EncodedHeader.EndcodedPayload.EncodedSignature'. (JWE): 'EncodedProtectedHeader.EncodedEncryptedKey.EncodedInitializationVector.EncodedCiphertext.EncodedAuthenticationTag'.
2026-04-06 15:00:38.727 +05:30 [INF] RequestId: 0HNKJNO6THI4Q:00000001, PreviousRequestId: -
Rate limiting is disabled for route '/gateway/auth/login' via the EnableRateLimiting option.
2026-04-06 15:00:38.730 +05:30 [INF] RequestId: 0HNKJNO6THI4Q:00000001, PreviousRequestId: -
No authentication is required for the path '/gateway/auth/login' in the route /gateway/auth/login.
2026-04-06 15:00:41.055 +05:30 [INF] RequestId: 0HNKJNO6THI4Q:00000001, PreviousRequestId: -
200 OK status code of request URI: https://localhost:7270/api/auth/login
2026-04-06 15:00:41.090 +05:30 [INF] HTTP POST /gateway/auth/login responded 200 in 2530.7161 ms
2026-04-06 15:00:41.099 +05:30 [INF] Request finished HTTP/2 POST https://localhost:7110/gateway/auth/login - 200 null application/json; charset=utf-8 2597.1526ms
2026-04-06 15:00:41.112 +05:30 [INF] Request reached the end of the middleware pipeline without being handled by application code. Request path: POST https://localhost:7110/gateway/auth/login, Response status code: 200
2026-04-06 15:01:25.329 +05:30 [INF] Request starting HTTP/2 POST https://localhost:7110/gateway/auth/register - application/json 119
2026-04-06 15:01:25.351 +05:30 [INF] CORS policy execution successful.
2026-04-06 15:01:25.359 +05:30 [INF] Failed to validate the token.
Microsoft.IdentityModel.Tokens.SecurityTokenMalformedException: IDX14100: JWT is not well formed, there are no dots (.).
The token needs to be in JWS or JWE Compact Serialization Format. (JWS): 'EncodedHeader.EndcodedPayload.EncodedSignature'. (JWE): 'EncodedProtectedHeader.EncodedEncryptedKey.EncodedInitializationVector.EncodedCiphertext.EncodedAuthenticationTag'.
 ---> System.MissingMethodException: Method not found: 'Byte[] Microsoft.IdentityModel.Tokens.Base64UrlEncoder.UnsafeDecode(System.ReadOnlyMemory`1<Char>)'.
   at Microsoft.IdentityModel.JsonWebTokens.JsonWebToken.ReadToken(String encodedJson)
   at Microsoft.IdentityModel.JsonWebTokens.JsonWebToken..ctor(String jwtEncodedString)
   at Microsoft.IdentityModel.JsonWebTokens.JsonWebTokenHandler.ReadToken(String token, TokenValidationParameters validationParameters)
   --- End of inner exception stack trace ---
2026-04-06 15:01:25.363 +05:30 [INF] Bearer was not authenticated. Failure message: IDX14100: JWT is not well formed, there are no dots (.).
The token needs to be in JWS or JWE Compact Serialization Format. (JWS): 'EncodedHeader.EndcodedPayload.EncodedSignature'. (JWE): 'EncodedProtectedHeader.EncodedEncryptedKey.EncodedInitializationVector.EncodedCiphertext.EncodedAuthenticationTag'.
2026-04-06 15:01:25.367 +05:30 [INF] RequestId: 0HNKJNO6THI4Q:00000003, PreviousRequestId: -
Rate limiting is disabled for route '/gateway/auth/{everything}' via the EnableRateLimiting option.
2026-04-06 15:01:25.369 +05:30 [INF] RequestId: 0HNKJNO6THI4Q:00000003, PreviousRequestId: -
The path '/gateway/auth/register' is an authenticated route! AuthenticationMiddleware checking if client is authenticated...
2026-04-06 15:01:25.372 +05:30 [INF] Bearer was not authenticated. Failure message: IDX14100: JWT is not well formed, there are no dots (.).
The token needs to be in JWS or JWE Compact Serialization Format. (JWS): 'EncodedHeader.EndcodedPayload.EncodedSignature'. (JWE): 'EncodedProtectedHeader.EncodedEncryptedKey.EncodedInitializationVector.EncodedCiphertext.EncodedAuthenticationTag'.
2026-04-06 15:01:25.375 +05:30 [WRN] RequestId: 0HNKJNO6THI4Q:00000003, PreviousRequestId: -
Client has NOT been authenticated for path '/gateway/auth/register' and pipeline error set. UnauthenticatedError: Request for authenticated route '/gateway/auth/register' was unauthenticated!;
2026-04-06 15:01:25.377 +05:30 [WRN] RequestId: 0HNKJNO6THI4Q:00000003, PreviousRequestId: -
ResponderMiddleware found 1 error ->
UnauthenticatedError: Request for authenticated route '/gateway/auth/register' was unauthenticated!
Setting error response for request: POST /gateway/auth/register
2026-04-06 15:01:25.379 +05:30 [INF] HTTP POST /gateway/auth/register responded 401 in 27.6797 ms
2026-04-06 15:01:25.384 +05:30 [INF] Request finished HTTP/2 POST https://localhost:7110/gateway/auth/register - 401 0 null 56.8483ms
2026-04-06 15:10:30.000 +05:30 [INF] User profile is available. Using 'C:\Users\ENVY\AppData\Local\ASP.NET\DataProtection-Keys' as key repository and Windows DPAPI to encrypt keys at rest.
2026-04-06 15:10:30.603 +05:30 [INF] Now listening on: https://localhost:7110
2026-04-06 15:10:30.617 +05:30 [INF] Now listening on: http://localhost:5089
2026-04-06 15:10:31.086 +05:30 [INF] Application started. Press Ctrl+C to shut down.
2026-04-06 15:10:31.090 +05:30 [INF] Hosting environment: Development
2026-04-06 15:10:31.092 +05:30 [INF] Content root path: D:\dotNet\StaffTrack\APIGateway
2026-04-06 15:10:31.970 +05:30 [INF] Request starting HTTP/2 GET https://localhost:7110/swagger/index.html - null null
2026-04-06 15:10:32.787 +05:30 [INF] HTTP GET /swagger/index.html responded 200 in 488.1663 ms
2026-04-06 15:10:32.818 +05:30 [INF] Request finished HTTP/2 GET https://localhost:7110/swagger/index.html - 200 null text/html;charset=utf-8 853.0818ms
2026-04-06 15:10:32.900 +05:30 [INF] Request starting HTTP/2 GET https://localhost:7110/_framework/aspnetcore-browser-refresh.js - null null
2026-04-06 15:10:32.900 +05:30 [INF] Request starting HTTP/2 GET https://localhost:7110/_vs/browserLink - null null
2026-04-06 15:10:32.922 +05:30 [INF] Request finished HTTP/2 GET https://localhost:7110/_framework/aspnetcore-browser-refresh.js - 200 14933 application/javascript; charset=utf-8 21.7074ms
2026-04-06 15:10:33.038 +05:30 [INF] Request finished HTTP/2 GET https://localhost:7110/_vs/browserLink - 200 null text/javascript; charset=UTF-8 138.1418ms
2026-04-06 15:10:36.492 +05:30 [INF] Request starting HTTP/2 GET https://localhost:7110/swagger/docs/v1/auth - null null
2026-04-06 15:10:36.596 +05:30 [INF] Start processing HTTP request GET https://localhost:7270/swagger/v1/swagger.json
2026-04-06 15:10:36.622 +05:30 [INF] Sending HTTP request GET https://localhost:7270/swagger/v1/swagger.json
2026-04-06 15:10:36.816 +05:30 [INF] Received HTTP response headers after 184.3628ms - 200
2026-04-06 15:10:36.821 +05:30 [INF] End processing HTTP request after 242.6153ms - 200
2026-04-06 15:10:37.177 +05:30 [INF] HTTP GET /swagger/docs/v1/auth responded 200 in 678.4411 ms
2026-04-06 15:10:37.185 +05:30 [INF] Request finished HTTP/2 GET https://localhost:7110/swagger/docs/v1/auth - 200 null null 694.3517ms
2026-04-06 15:11:14.055 +05:30 [INF] Request starting HTTP/2 POST https://localhost:7110/gateway/auth/login - application/json 65
2026-04-06 15:11:14.080 +05:30 [INF] CORS policy execution successful.
2026-04-06 15:11:14.197 +05:30 [INF] RequestId: 0HNKJO25FE1OV:00000009, PreviousRequestId: -
Rate limiting is disabled for route '/gateway/auth/login' via the EnableRateLimiting option.
2026-04-06 15:11:14.206 +05:30 [INF] RequestId: 0HNKJO25FE1OV:00000009, PreviousRequestId: -
No authentication is required for the path '/gateway/auth/login' in the route /gateway/auth/login.
2026-04-06 15:11:16.800 +05:30 [INF] RequestId: 0HNKJO25FE1OV:00000009, PreviousRequestId: -
200 OK status code of request URI: https://localhost:7270/api/auth/login
2026-04-06 15:11:16.833 +05:30 [INF] HTTP POST /gateway/auth/login responded 200 in 2759.5629 ms
2026-04-06 15:11:16.838 +05:30 [INF] Request finished HTTP/2 POST https://localhost:7110/gateway/auth/login - 200 null application/json; charset=utf-8 2783.3183ms
2026-04-06 15:11:16.851 +05:30 [INF] Request reached the end of the middleware pipeline without being handled by application code. Request path: POST https://localhost:7110/gateway/auth/login, Response status code: 200
2026-04-06 15:11:59.391 +05:30 [INF] Request starting HTTP/2 POST https://localhost:7110/gateway/auth/register - application/json 119
2026-04-06 15:11:59.398 +05:30 [INF] CORS policy execution successful.
2026-04-06 15:11:59.459 +05:30 [INF] Failed to validate the token.
Microsoft.IdentityModel.Tokens.SecurityTokenMalformedException: IDX14100: JWT is not well formed, there are no dots (.).
The token needs to be in JWS or JWE Compact Serialization Format. (JWS): 'EncodedHeader.EndcodedPayload.EncodedSignature'. (JWE): 'EncodedProtectedHeader.EncodedEncryptedKey.EncodedInitializationVector.EncodedCiphertext.EncodedAuthenticationTag'.
 ---> System.MissingMethodException: Method not found: 'Byte[] Microsoft.IdentityModel.Tokens.Base64UrlEncoder.UnsafeDecode(System.ReadOnlyMemory`1<Char>)'.
   at Microsoft.IdentityModel.JsonWebTokens.JsonWebToken.ReadToken(String encodedJson)
   at Microsoft.IdentityModel.JsonWebTokens.JsonWebToken..ctor(String jwtEncodedString)
   at Microsoft.IdentityModel.JsonWebTokens.JsonWebTokenHandler.ReadToken(String token, TokenValidationParameters validationParameters)
   --- End of inner exception stack trace ---
2026-04-06 15:11:59.547 +05:30 [INF] Bearer was not authenticated. Failure message: IDX14100: JWT is not well formed, there are no dots (.).
The token needs to be in JWS or JWE Compact Serialization Format. (JWS): 'EncodedHeader.EndcodedPayload.EncodedSignature'. (JWE): 'EncodedProtectedHeader.EncodedEncryptedKey.EncodedInitializationVector.EncodedCiphertext.EncodedAuthenticationTag'.
2026-04-06 15:11:59.559 +05:30 [INF] RequestId: 0HNKJO25FE1OV:0000000B, PreviousRequestId: -
Rate limiting is disabled for route '/gateway/auth/{everything}' via the EnableRateLimiting option.
2026-04-06 15:11:59.562 +05:30 [INF] RequestId: 0HNKJO25FE1OV:0000000B, PreviousRequestId: -
The path '/gateway/auth/register' is an authenticated route! AuthenticationMiddleware checking if client is authenticated...
2026-04-06 15:11:59.567 +05:30 [INF] Bearer was not authenticated. Failure message: IDX14100: JWT is not well formed, there are no dots (.).
The token needs to be in JWS or JWE Compact Serialization Format. (JWS): 'EncodedHeader.EndcodedPayload.EncodedSignature'. (JWE): 'EncodedProtectedHeader.EncodedEncryptedKey.EncodedInitializationVector.EncodedCiphertext.EncodedAuthenticationTag'.
2026-04-06 15:11:59.576 +05:30 [WRN] RequestId: 0HNKJO25FE1OV:0000000B, PreviousRequestId: -
Client has NOT been authenticated for path '/gateway/auth/register' and pipeline error set. UnauthenticatedError: Request for authenticated route '/gateway/auth/register' was unauthenticated!;
2026-04-06 15:11:59.580 +05:30 [WRN] RequestId: 0HNKJO25FE1OV:0000000B, PreviousRequestId: -
ResponderMiddleware found 1 error ->
UnauthenticatedError: Request for authenticated route '/gateway/auth/register' was unauthenticated!
Setting error response for request: POST /gateway/auth/register
2026-04-06 15:11:59.586 +05:30 [INF] HTTP POST /gateway/auth/register responded 401 in 188.2132 ms
2026-04-06 15:11:59.591 +05:30 [INF] Request finished HTTP/2 POST https://localhost:7110/gateway/auth/register - 401 0 null 200.848ms
2026-04-06 19:51:12.069 +05:30 [INF] User profile is available. Using 'C:\Users\ENVY\AppData\Local\ASP.NET\DataProtection-Keys' as key repository and Windows DPAPI to encrypt keys at rest.
2026-04-06 19:51:12.415 +05:30 [INF] Now listening on: https://localhost:7110
2026-04-06 19:51:12.426 +05:30 [INF] Now listening on: http://localhost:5089
2026-04-06 19:51:12.547 +05:30 [INF] Application started. Press Ctrl+C to shut down.
2026-04-06 19:51:12.548 +05:30 [INF] Hosting environment: Development
2026-04-06 19:51:12.549 +05:30 [INF] Content root path: D:\dotNet\StaffTrack\APIGateway
2026-04-06 19:51:13.544 +05:30 [INF] Request starting HTTP/2 GET https://localhost:7110/swagger/index.html - null null
2026-04-06 19:51:16.182 +05:30 [INF] HTTP GET /swagger/index.html responded 200 in 2432.3094 ms
2026-04-06 19:51:16.193 +05:30 [INF] Request finished HTTP/2 GET https://localhost:7110/swagger/index.html - 200 null text/html;charset=utf-8 2650.1916ms
2026-04-06 19:51:17.908 +05:30 [INF] Request starting HTTP/2 GET https://localhost:7110/_vs/browserLink - null null
2026-04-06 19:51:17.906 +05:30 [INF] Request starting HTTP/2 GET https://localhost:7110/_framework/aspnetcore-browser-refresh.js - null null
2026-04-06 19:51:17.955 +05:30 [INF] Request finished HTTP/2 GET https://localhost:7110/_framework/aspnetcore-browser-refresh.js - 200 14933 application/javascript; charset=utf-8 48.4715ms
2026-04-06 19:51:18.016 +05:30 [INF] Request finished HTTP/2 GET https://localhost:7110/_vs/browserLink - 200 null text/javascript; charset=UTF-8 107.9686ms
2026-04-06 19:51:18.669 +05:30 [INF] Request starting HTTP/2 GET https://localhost:7110/swagger/docs/v1/auth - null null
2026-04-06 19:51:18.728 +05:30 [INF] Start processing HTTP request GET https://localhost:7270/swagger/v1/swagger.json
2026-04-06 19:51:18.739 +05:30 [INF] Sending HTTP request GET https://localhost:7270/swagger/v1/swagger.json
2026-04-06 19:51:18.814 +05:30 [INF] Received HTTP response headers after 69.5929ms - 200
2026-04-06 19:51:18.817 +05:30 [INF] End processing HTTP request after 98.0387ms - 200
2026-04-06 19:51:19.093 +05:30 [INF] HTTP GET /swagger/docs/v1/auth responded 200 in 419.1711 ms
2026-04-06 19:51:19.098 +05:30 [INF] Request finished HTTP/2 GET https://localhost:7110/swagger/docs/v1/auth - 200 null null 429.0282ms
2026-04-06 19:52:11.002 +05:30 [INF] Request starting HTTP/2 POST https://localhost:7110/gateway/auth/login - application/json 65
2026-04-06 19:52:11.015 +05:30 [INF] CORS policy execution successful.
2026-04-06 19:52:11.058 +05:30 [INF] RequestId: 0HNKJSV0PGH5I:00000009, PreviousRequestId: -
Rate limiting is disabled for route '/gateway/auth/login' via the EnableRateLimiting option.
2026-04-06 19:52:11.062 +05:30 [INF] RequestId: 0HNKJSV0PGH5I:00000009, PreviousRequestId: -
No authentication is required for the path '/gateway/auth/login' in the route /gateway/auth/login.
2026-04-06 19:52:13.282 +05:30 [INF] RequestId: 0HNKJSV0PGH5I:00000009, PreviousRequestId: -
200 OK status code of request URI: https://localhost:7270/api/auth/login
2026-04-06 19:52:13.299 +05:30 [INF] HTTP POST /gateway/auth/login responded 200 in 2287.4040 ms
2026-04-06 19:52:13.301 +05:30 [INF] Request finished HTTP/2 POST https://localhost:7110/gateway/auth/login - 200 null application/json; charset=utf-8 2300.7849ms
2026-04-06 19:52:13.305 +05:30 [INF] Request reached the end of the middleware pipeline without being handled by application code. Request path: POST https://localhost:7110/gateway/auth/login, Response status code: 200
2026-04-06 20:19:43.081 +05:30 [INF] User profile is available. Using 'C:\Users\ENVY\AppData\Local\ASP.NET\DataProtection-Keys' as key repository and Windows DPAPI to encrypt keys at rest.
2026-04-06 20:19:43.414 +05:30 [INF] Now listening on: https://localhost:7110
2026-04-06 20:19:43.417 +05:30 [INF] Now listening on: http://localhost:5089
2026-04-06 20:19:43.575 +05:30 [INF] Application started. Press Ctrl+C to shut down.
2026-04-06 20:19:43.577 +05:30 [INF] Hosting environment: Development
2026-04-06 20:19:43.581 +05:30 [INF] Content root path: D:\dotNet\StaffTrack\APIGateway
2026-04-06 20:19:44.298 +05:30 [INF] Request starting HTTP/2 GET https://localhost:7110/swagger/index.html - null null
2026-04-06 20:19:44.718 +05:30 [INF] HTTP GET /swagger/index.html responded 200 in 257.6530 ms
2026-04-06 20:19:44.742 +05:30 [INF] Request starting HTTP/2 GET https://localhost:7110/_framework/aspnetcore-browser-refresh.js - null null
2026-04-06 20:19:44.748 +05:30 [INF] Request finished HTTP/2 GET https://localhost:7110/swagger/index.html - 200 null text/html;charset=utf-8 451.0991ms
2026-04-06 20:19:44.755 +05:30 [INF] Request finished HTTP/2 GET https://localhost:7110/_framework/aspnetcore-browser-refresh.js - 200 14933 application/javascript; charset=utf-8 12.4935ms
2026-04-06 20:19:44.779 +05:30 [INF] Request starting HTTP/2 GET https://localhost:7110/_vs/browserLink - null null
2026-04-06 20:19:44.875 +05:30 [INF] Request finished HTTP/2 GET https://localhost:7110/_vs/browserLink - 200 null text/javascript; charset=UTF-8 95.879ms
2026-04-06 20:19:45.489 +05:30 [INF] Request starting HTTP/2 GET https://localhost:7110/swagger/docs/v1/auth - null null
2026-04-06 20:19:45.537 +05:30 [INF] Start processing HTTP request GET https://localhost:7270/swagger/v1/swagger.json
2026-04-06 20:19:45.545 +05:30 [INF] Sending HTTP request GET https://localhost:7270/swagger/v1/swagger.json
2026-04-06 20:19:46.220 +05:30 [INF] Received HTTP response headers after 669.2549ms - 200
2026-04-06 20:19:46.267 +05:30 [INF] End processing HTTP request after 737.3898ms - 200
2026-04-06 20:19:46.699 +05:30 [INF] HTTP GET /swagger/docs/v1/auth responded 200 in 1204.8779 ms
2026-04-06 20:19:46.713 +05:30 [INF] Request finished HTTP/2 GET https://localhost:7110/swagger/docs/v1/auth - 200 null null 1222.8867ms
2026-04-06 20:21:14.113 +05:30 [INF] Request starting HTTP/2 POST https://localhost:7110/gateway/auth/login - application/json 65
2026-04-06 20:21:14.124 +05:30 [INF] CORS policy execution successful.
2026-04-06 20:21:14.167 +05:30 [INF] RequestId: 0HNKJTEULR40N:00000009, PreviousRequestId: -
Rate limiting is disabled for route '/gateway/auth/login' via the EnableRateLimiting option.
2026-04-06 20:21:14.170 +05:30 [INF] RequestId: 0HNKJTEULR40N:00000009, PreviousRequestId: -
No authentication is required for the path '/gateway/auth/login' in the route /gateway/auth/login.
2026-04-06 20:21:15.831 +05:30 [WRN] RequestId: 0HNKJTEULR40N:00000009, PreviousRequestId: -
500 Internal Server Error status code of request URI: https://localhost:7270/api/auth/login
2026-04-06 20:21:15.844 +05:30 [ERR] HTTP POST /gateway/auth/login responded 500 in 1722.1495 ms
2026-04-06 20:21:15.846 +05:30 [INF] Request finished HTTP/2 POST https://localhost:7110/gateway/auth/login - 500 null application/json 1733.6011ms
2026-04-06 20:21:15.850 +05:30 [INF] Request reached the end of the middleware pipeline without being handled by application code. Request path: POST https://localhost:7110/gateway/auth/login, Response status code: 500
2026-04-06 20:33:07.377 +05:30 [INF] User profile is available. Using 'C:\Users\ENVY\AppData\Local\ASP.NET\DataProtection-Keys' as key repository and Windows DPAPI to encrypt keys at rest.
2026-04-06 20:33:07.557 +05:30 [INF] Now listening on: https://localhost:7110
2026-04-06 20:33:07.561 +05:30 [INF] Now listening on: http://localhost:5089
2026-04-06 20:33:07.659 +05:30 [INF] Application started. Press Ctrl+C to shut down.
2026-04-06 20:33:07.665 +05:30 [INF] Hosting environment: Development
2026-04-06 20:33:07.667 +05:30 [INF] Content root path: D:\dotNet\StaffTrack\APIGateway
2026-04-06 20:33:08.482 +05:30 [INF] Request starting HTTP/2 GET https://localhost:7110/swagger/index.html - null null
2026-04-06 20:33:08.868 +05:30 [INF] HTTP GET /swagger/index.html responded 200 in 227.5906 ms
2026-04-06 20:33:08.888 +05:30 [INF] Request finished HTTP/2 GET https://localhost:7110/swagger/index.html - 200 null text/html;charset=utf-8 407.2558ms
2026-04-06 20:33:08.971 +05:30 [INF] Request starting HTTP/2 GET https://localhost:7110/_framework/aspnetcore-browser-refresh.js - null null
2026-04-06 20:33:08.971 +05:30 [INF] Request starting HTTP/2 GET https://localhost:7110/_vs/browserLink - null null
2026-04-06 20:33:08.994 +05:30 [INF] Request finished HTTP/2 GET https://localhost:7110/_framework/aspnetcore-browser-refresh.js - 200 14933 application/javascript; charset=utf-8 22.1246ms
2026-04-06 20:33:09.251 +05:30 [INF] Request finished HTTP/2 GET https://localhost:7110/_vs/browserLink - 200 null text/javascript; charset=UTF-8 279.7344ms
2026-04-06 20:33:09.871 +05:30 [INF] Request starting HTTP/2 GET https://localhost:7110/swagger/docs/v1/auth - null null
2026-04-06 20:33:09.918 +05:30 [INF] Start processing HTTP request GET https://localhost:7270/swagger/v1/swagger.json
2026-04-06 20:33:09.924 +05:30 [INF] Sending HTTP request GET https://localhost:7270/swagger/v1/swagger.json
2026-04-06 20:33:10.009 +05:30 [INF] Received HTTP response headers after 80.2771ms - 200
2026-04-06 20:33:10.048 +05:30 [INF] End processing HTTP request after 136.5887ms - 200
2026-04-06 20:33:10.358 +05:30 [INF] HTTP GET /swagger/docs/v1/auth responded 200 in 481.7384 ms
2026-04-06 20:33:10.362 +05:30 [INF] Request finished HTTP/2 GET https://localhost:7110/swagger/docs/v1/auth - 200 null null 491.9762ms
2026-04-06 20:34:05.791 +05:30 [INF] Request starting HTTP/2 POST https://localhost:7110/gateway/auth/login - application/json 65
2026-04-06 20:34:05.804 +05:30 [INF] CORS policy execution successful.
2026-04-06 20:34:05.844 +05:30 [INF] RequestId: 0HNKJTMEC7BTQ:00000009, PreviousRequestId: -
Rate limiting is disabled for route '/gateway/auth/login' via the EnableRateLimiting option.
2026-04-06 20:34:05.848 +05:30 [INF] RequestId: 0HNKJTMEC7BTQ:00000009, PreviousRequestId: -
No authentication is required for the path '/gateway/auth/login' in the route /gateway/auth/login.
2026-04-06 20:34:06.809 +05:30 [INF] RequestId: 0HNKJTMEC7BTQ:00000009, PreviousRequestId: -
200 OK status code of request URI: https://localhost:7270/api/auth/login
2026-04-06 20:34:06.824 +05:30 [INF] HTTP POST /gateway/auth/login responded 200 in 1023.0326 ms
2026-04-06 20:34:06.826 +05:30 [INF] Request finished HTTP/2 POST https://localhost:7110/gateway/auth/login - 200 null application/json; charset=utf-8 1035.6265ms
2026-04-06 20:34:06.830 +05:30 [INF] Request reached the end of the middleware pipeline without being handled by application code. Request path: POST https://localhost:7110/gateway/auth/login, Response status code: 200
2026-04-06 20:34:35.990 +05:30 [INF] Request starting HTTP/2 GET https://localhost:7110/gateway/auth/me - null null
2026-04-06 20:34:36.057 +05:30 [INF] Failed to validate the token.
Microsoft.IdentityModel.Tokens.SecurityTokenMalformedException: IDX14100: JWT is not well formed, there are no dots (.).
The token needs to be in JWS or JWE Compact Serialization Format. (JWS): 'EncodedHeader.EndcodedPayload.EncodedSignature'. (JWE): 'EncodedProtectedHeader.EncodedEncryptedKey.EncodedInitializationVector.EncodedCiphertext.EncodedAuthenticationTag'.
 ---> System.MissingMethodException: Method not found: 'Byte[] Microsoft.IdentityModel.Tokens.Base64UrlEncoder.UnsafeDecode(System.ReadOnlyMemory`1<Char>)'.
   at Microsoft.IdentityModel.JsonWebTokens.JsonWebToken.ReadToken(String encodedJson)
   at Microsoft.IdentityModel.JsonWebTokens.JsonWebToken..ctor(String jwtEncodedString)
   at Microsoft.IdentityModel.JsonWebTokens.JsonWebTokenHandler.ReadToken(String token, TokenValidationParameters validationParameters)
   --- End of inner exception stack trace ---
2026-04-06 20:34:36.090 +05:30 [INF] Bearer was not authenticated. Failure message: IDX14100: JWT is not well formed, there are no dots (.).
The token needs to be in JWS or JWE Compact Serialization Format. (JWS): 'EncodedHeader.EndcodedPayload.EncodedSignature'. (JWE): 'EncodedProtectedHeader.EncodedEncryptedKey.EncodedInitializationVector.EncodedCiphertext.EncodedAuthenticationTag'.
2026-04-06 20:34:36.094 +05:30 [INF] RequestId: 0HNKJTMEC7BTQ:0000000B, PreviousRequestId: -
Rate limiting is disabled for route '/gateway/auth/{everything}' via the EnableRateLimiting option.
2026-04-06 20:34:36.095 +05:30 [INF] RequestId: 0HNKJTMEC7BTQ:0000000B, PreviousRequestId: -
The path '/gateway/auth/me' is an authenticated route! AuthenticationMiddleware checking if client is authenticated...
2026-04-06 20:34:36.096 +05:30 [INF] Bearer was not authenticated. Failure message: IDX14100: JWT is not well formed, there are no dots (.).
The token needs to be in JWS or JWE Compact Serialization Format. (JWS): 'EncodedHeader.EndcodedPayload.EncodedSignature'. (JWE): 'EncodedProtectedHeader.EncodedEncryptedKey.EncodedInitializationVector.EncodedCiphertext.EncodedAuthenticationTag'.
2026-04-06 20:34:36.099 +05:30 [WRN] RequestId: 0HNKJTMEC7BTQ:0000000B, PreviousRequestId: -
Client has NOT been authenticated for path '/gateway/auth/me' and pipeline error set. UnauthenticatedError: Request for authenticated route '/gateway/auth/me' was unauthenticated!;
2026-04-06 20:34:36.101 +05:30 [WRN] RequestId: 0HNKJTMEC7BTQ:0000000B, PreviousRequestId: -
ResponderMiddleware found 1 error ->
UnauthenticatedError: Request for authenticated route '/gateway/auth/me' was unauthenticated!
Setting error response for request: GET /gateway/auth/me
2026-04-06 20:34:36.104 +05:30 [INF] HTTP GET /gateway/auth/me responded 401 in 110.7106 ms
2026-04-06 20:34:36.106 +05:30 [INF] Request finished HTTP/2 GET https://localhost:7110/gateway/auth/me - 401 0 null 115.4769ms
2026-04-06 20:39:00.624 +05:30 [INF] User profile is available. Using 'C:\Users\ENVY\AppData\Local\ASP.NET\DataProtection-Keys' as key repository and Windows DPAPI to encrypt keys at rest.
2026-04-06 20:39:00.829 +05:30 [INF] Now listening on: https://localhost:7110
2026-04-06 20:39:00.831 +05:30 [INF] Now listening on: http://localhost:5089
2026-04-06 20:39:00.951 +05:30 [INF] Application started. Press Ctrl+C to shut down.
2026-04-06 20:39:00.953 +05:30 [INF] Hosting environment: Development
2026-04-06 20:39:00.954 +05:30 [INF] Content root path: D:\dotNet\StaffTrack\APIGateway
2026-04-06 20:39:01.717 +05:30 [INF] Request starting HTTP/2 GET https://localhost:7110/swagger/index.html - null null
2026-04-06 20:39:02.124 +05:30 [INF] HTTP GET /swagger/index.html responded 200 in 232.3097 ms
2026-04-06 20:39:02.140 +05:30 [INF] Request finished HTTP/2 GET https://localhost:7110/swagger/index.html - 200 null text/html;charset=utf-8 425.005ms
2026-04-06 20:39:02.201 +05:30 [INF] Request starting HTTP/2 GET https://localhost:7110/_vs/browserLink - null null
2026-04-06 20:39:02.201 +05:30 [INF] Request starting HTTP/2 GET https://localhost:7110/_framework/aspnetcore-browser-refresh.js - null null
2026-04-06 20:39:02.231 +05:30 [INF] Request finished HTTP/2 GET https://localhost:7110/_framework/aspnetcore-browser-refresh.js - 200 14933 application/javascript; charset=utf-8 29.4017ms
2026-04-06 20:39:02.282 +05:30 [INF] Request finished HTTP/2 GET https://localhost:7110/_vs/browserLink - 200 null text/javascript; charset=UTF-8 80.5578ms
2026-04-06 20:39:02.891 +05:30 [INF] Request starting HTTP/2 GET https://localhost:7110/swagger/docs/v1/auth - null null
2026-04-06 20:39:02.942 +05:30 [INF] Start processing HTTP request GET https://localhost:7270/swagger/v1/swagger.json
2026-04-06 20:39:02.950 +05:30 [INF] Sending HTTP request GET https://localhost:7270/swagger/v1/swagger.json
2026-04-06 20:39:03.171 +05:30 [INF] Received HTTP response headers after 215.2851ms - 200
2026-04-06 20:39:03.196 +05:30 [INF] End processing HTTP request after 261.1031ms - 200
2026-04-06 20:39:03.482 +05:30 [INF] HTTP GET /swagger/docs/v1/auth responded 200 in 586.0277 ms
2026-04-06 20:39:03.498 +05:30 [INF] Request finished HTTP/2 GET https://localhost:7110/swagger/docs/v1/auth - 200 null null 607.2515ms
2026-04-06 20:39:36.616 +05:30 [INF] Request starting HTTP/2 POST https://localhost:7110/gateway/auth/login - application/json 65
2026-04-06 20:39:36.627 +05:30 [INF] CORS policy execution successful.
2026-04-06 20:39:36.669 +05:30 [INF] RequestId: 0HNKJTPNKKKUV:00000009, PreviousRequestId: -
Rate limiting is disabled for route '/gateway/auth/login' via the EnableRateLimiting option.
2026-04-06 20:39:36.672 +05:30 [INF] RequestId: 0HNKJTPNKKKUV:00000009, PreviousRequestId: -
No authentication is required for the path '/gateway/auth/login' in the route /gateway/auth/login.
2026-04-06 20:39:37.656 +05:30 [INF] RequestId: 0HNKJTPNKKKUV:00000009, PreviousRequestId: -
200 OK status code of request URI: https://localhost:7270/api/auth/login
2026-04-06 20:39:37.670 +05:30 [INF] HTTP POST /gateway/auth/login responded 200 in 1046.0637 ms
2026-04-06 20:39:37.672 +05:30 [INF] Request finished HTTP/2 POST https://localhost:7110/gateway/auth/login - 200 null application/json; charset=utf-8 1056.3099ms
2026-04-06 20:39:37.675 +05:30 [INF] Request reached the end of the middleware pipeline without being handled by application code. Request path: POST https://localhost:7110/gateway/auth/login, Response status code: 200
2026-04-06 20:40:09.992 +05:30 [INF] Request starting HTTP/2 GET https://localhost:7110/gateway/auth/me - null null
2026-04-06 20:40:10.029 +05:30 [INF] Failed to validate the token.
Microsoft.IdentityModel.Tokens.SecurityTokenMalformedException: IDX14100: JWT is not well formed, there are no dots (.).
The token needs to be in JWS or JWE Compact Serialization Format. (JWS): 'EncodedHeader.EndcodedPayload.EncodedSignature'. (JWE): 'EncodedProtectedHeader.EncodedEncryptedKey.EncodedInitializationVector.EncodedCiphertext.EncodedAuthenticationTag'.
 ---> System.MissingMethodException: Method not found: 'Byte[] Microsoft.IdentityModel.Tokens.Base64UrlEncoder.UnsafeDecode(System.ReadOnlyMemory`1<Char>)'.
   at Microsoft.IdentityModel.JsonWebTokens.JsonWebToken.ReadToken(String encodedJson)
   at Microsoft.IdentityModel.JsonWebTokens.JsonWebToken..ctor(String jwtEncodedString)
   at Microsoft.IdentityModel.JsonWebTokens.JsonWebTokenHandler.ReadToken(String token, TokenValidationParameters validationParameters)
   --- End of inner exception stack trace ---
2026-04-06 20:40:10.102 +05:30 [INF] Bearer was not authenticated. Failure message: IDX14100: JWT is not well formed, there are no dots (.).
The token needs to be in JWS or JWE Compact Serialization Format. (JWS): 'EncodedHeader.EndcodedPayload.EncodedSignature'. (JWE): 'EncodedProtectedHeader.EncodedEncryptedKey.EncodedInitializationVector.EncodedCiphertext.EncodedAuthenticationTag'.
2026-04-06 20:40:10.106 +05:30 [INF] RequestId: 0HNKJTPNKKKUV:0000000B, PreviousRequestId: -
Rate limiting is disabled for route '/gateway/auth/{everything}' via the EnableRateLimiting option.
2026-04-06 20:40:10.107 +05:30 [INF] RequestId: 0HNKJTPNKKKUV:0000000B, PreviousRequestId: -
The path '/gateway/auth/me' is an authenticated route! AuthenticationMiddleware checking if client is authenticated...
2026-04-06 20:40:10.109 +05:30 [INF] Bearer was not authenticated. Failure message: IDX14100: JWT is not well formed, there are no dots (.).
The token needs to be in JWS or JWE Compact Serialization Format. (JWS): 'EncodedHeader.EndcodedPayload.EncodedSignature'. (JWE): 'EncodedProtectedHeader.EncodedEncryptedKey.EncodedInitializationVector.EncodedCiphertext.EncodedAuthenticationTag'.
2026-04-06 20:40:10.112 +05:30 [WRN] RequestId: 0HNKJTPNKKKUV:0000000B, PreviousRequestId: -
Client has NOT been authenticated for path '/gateway/auth/me' and pipeline error set. UnauthenticatedError: Request for authenticated route '/gateway/auth/me' was unauthenticated!;
2026-04-06 20:40:10.113 +05:30 [WRN] RequestId: 0HNKJTPNKKKUV:0000000B, PreviousRequestId: -
ResponderMiddleware found 1 error ->
UnauthenticatedError: Request for authenticated route '/gateway/auth/me' was unauthenticated!
Setting error response for request: GET /gateway/auth/me
2026-04-06 20:40:10.115 +05:30 [INF] HTTP GET /gateway/auth/me responded 401 in 111.6952 ms
2026-04-06 20:40:10.117 +05:30 [INF] Request finished HTTP/2 GET https://localhost:7110/gateway/auth/me - 401 0 null 125.1004ms
2026-04-06 20:55:58.673 +05:30 [INF] User profile is available. Using 'C:\Users\ENVY\AppData\Local\ASP.NET\DataProtection-Keys' as key repository and Windows DPAPI to encrypt keys at rest.
2026-04-06 20:55:59.116 +05:30 [INF] Now listening on: https://localhost:7110
2026-04-06 20:55:59.119 +05:30 [INF] Now listening on: http://localhost:5089
2026-04-06 20:55:59.305 +05:30 [INF] Application started. Press Ctrl+C to shut down.
2026-04-06 20:55:59.307 +05:30 [INF] Hosting environment: Development
2026-04-06 20:55:59.308 +05:30 [INF] Content root path: D:\dotNet\StaffTrack\APIGateway
2026-04-06 20:55:59.744 +05:30 [INF] Request starting HTTP/2 GET https://localhost:7110/swagger/index.html - null null
2026-04-06 20:56:01.275 +05:30 [INF] HTTP GET /swagger/index.html responded 200 in 1421.2720 ms
2026-04-06 20:56:01.289 +05:30 [INF] Request finished HTTP/2 GET https://localhost:7110/swagger/index.html - 200 null text/html;charset=utf-8 1546.7818ms
2026-04-06 20:56:01.331 +05:30 [INF] Request starting HTTP/2 GET https://localhost:7110/_vs/browserLink - null null
2026-04-06 20:56:01.331 +05:30 [INF] Request starting HTTP/2 GET https://localhost:7110/_framework/aspnetcore-browser-refresh.js - null null
2026-04-06 20:56:01.342 +05:30 [INF] Request finished HTTP/2 GET https://localhost:7110/_framework/aspnetcore-browser-refresh.js - 200 14933 application/javascript; charset=utf-8 10.7032ms
2026-04-06 20:56:01.372 +05:30 [INF] Request finished HTTP/2 GET https://localhost:7110/_vs/browserLink - 200 null text/javascript; charset=UTF-8 40.151ms
2026-04-06 20:56:01.712 +05:30 [INF] Request starting HTTP/2 GET https://localhost:7110/swagger/docs/v1/auth - null null
2026-04-06 20:56:01.749 +05:30 [INF] Start processing HTTP request GET https://localhost:7270/swagger/v1/swagger.json
2026-04-06 20:56:01.755 +05:30 [INF] Sending HTTP request GET https://localhost:7270/swagger/v1/swagger.json
2026-04-06 20:56:01.814 +05:30 [INF] Received HTTP response headers after 55.0453ms - 200
2026-04-06 20:56:01.816 +05:30 [INF] End processing HTTP request after 72.9286ms - 200
2026-04-06 20:56:01.971 +05:30 [INF] HTTP GET /swagger/docs/v1/auth responded 200 in 255.8706 ms
2026-04-06 20:56:01.974 +05:30 [INF] Request finished HTTP/2 GET https://localhost:7110/swagger/docs/v1/auth - 200 null null 261.799ms
2026-04-06 20:56:28.838 +05:30 [INF] Request starting HTTP/2 POST https://localhost:7110/gateway/auth/login - application/json 65
2026-04-06 20:56:28.850 +05:30 [INF] CORS policy execution successful.
2026-04-06 20:56:28.888 +05:30 [INF] RequestId: 0HNKJU3755KPK:00000009, PreviousRequestId: -
Rate limiting is disabled for route '/gateway/auth/login' via the EnableRateLimiting option.
2026-04-06 20:56:28.891 +05:30 [INF] RequestId: 0HNKJU3755KPK:00000009, PreviousRequestId: -
No authentication is required for the path '/gateway/auth/login' in the route /gateway/auth/login.
2026-04-06 20:56:29.917 +05:30 [INF] RequestId: 0HNKJU3755KPK:00000009, PreviousRequestId: -
200 OK status code of request URI: https://localhost:7270/api/auth/login
2026-04-06 20:56:29.931 +05:30 [INF] HTTP POST /gateway/auth/login responded 200 in 1084.7499 ms
2026-04-06 20:56:29.933 +05:30 [INF] Request finished HTTP/2 POST https://localhost:7110/gateway/auth/login - 200 null application/json; charset=utf-8 1095.7177ms
2026-04-06 20:56:29.937 +05:30 [INF] Request reached the end of the middleware pipeline without being handled by application code. Request path: POST https://localhost:7110/gateway/auth/login, Response status code: 200
2026-04-06 20:56:54.881 +05:30 [INF] Request starting HTTP/2 GET https://localhost:7110/gateway/auth/me - null null
2026-04-06 20:56:54.966 +05:30 [INF] Failed to validate the token.
Microsoft.IdentityModel.Tokens.SecurityTokenSignatureKeyNotFoundException: IDX10500: Signature validation failed. No security keys were provided to validate the signature.
   at Microsoft.IdentityModel.JsonWebTokens.JsonWebTokenHandler.ValidateSignature(JsonWebToken jwtToken, TokenValidationParameters validationParameters, BaseConfiguration configuration)
   at Microsoft.IdentityModel.JsonWebTokens.JsonWebTokenHandler.ValidateSignatureAndIssuerSecurityKey(JsonWebToken jsonWebToken, TokenValidationParameters validationParameters, BaseConfiguration configuration)
   at Microsoft.IdentityModel.JsonWebTokens.JsonWebTokenHandler.ValidateJWSAsync(JsonWebToken jsonWebToken, TokenValidationParameters validationParameters, BaseConfiguration configuration)
2026-04-06 20:56:54.992 +05:30 [INF] Bearer was not authenticated. Failure message: IDX10500: Signature validation failed. No security keys were provided to validate the signature.
2026-04-06 20:56:54.995 +05:30 [INF] RequestId: 0HNKJU3755KPK:0000000B, PreviousRequestId: -
Rate limiting is disabled for route '/gateway/auth/{everything}' via the EnableRateLimiting option.
2026-04-06 20:56:54.996 +05:30 [INF] RequestId: 0HNKJU3755KPK:0000000B, PreviousRequestId: -
The path '/gateway/auth/me' is an authenticated route! AuthenticationMiddleware checking if client is authenticated...
2026-04-06 20:56:54.997 +05:30 [INF] Bearer was not authenticated. Failure message: IDX10500: Signature validation failed. No security keys were provided to validate the signature.
2026-04-06 20:56:55.000 +05:30 [WRN] RequestId: 0HNKJU3755KPK:0000000B, PreviousRequestId: -
Client has NOT been authenticated for path '/gateway/auth/me' and pipeline error set. UnauthenticatedError: Request for authenticated route '/gateway/auth/me' was unauthenticated!;
2026-04-06 20:56:55.002 +05:30 [WRN] RequestId: 0HNKJU3755KPK:0000000B, PreviousRequestId: -
ResponderMiddleware found 1 error ->
UnauthenticatedError: Request for authenticated route '/gateway/auth/me' was unauthenticated!
Setting error response for request: GET /gateway/auth/me
2026-04-06 20:56:55.004 +05:30 [INF] HTTP GET /gateway/auth/me responded 401 in 112.3908 ms
2026-04-06 20:56:55.006 +05:30 [INF] Request finished HTTP/2 GET https://localhost:7110/gateway/auth/me - 401 0 null 125.8674ms
2026-04-06 21:01:49.658 +05:30 [INF] User profile is available. Using 'C:\Users\ENVY\AppData\Local\ASP.NET\DataProtection-Keys' as key repository and Windows DPAPI to encrypt keys at rest.
2026-04-06 21:01:49.958 +05:30 [INF] Now listening on: https://localhost:7110
2026-04-06 21:01:49.960 +05:30 [INF] Now listening on: http://localhost:5089
2026-04-06 21:01:50.070 +05:30 [INF] Application started. Press Ctrl+C to shut down.
2026-04-06 21:01:50.071 +05:30 [INF] Hosting environment: Development
2026-04-06 21:01:50.073 +05:30 [INF] Content root path: D:\dotNet\StaffTrack\APIGateway
2026-04-06 21:01:50.831 +05:30 [INF] Request starting HTTP/2 GET https://localhost:7110/swagger/index.html - null null
2026-04-06 21:01:53.412 +05:30 [INF] HTTP GET /swagger/index.html responded 200 in 2411.9088 ms
2026-04-06 21:01:53.425 +05:30 [INF] Request finished HTTP/2 GET https://localhost:7110/swagger/index.html - 200 null text/html;charset=utf-8 2595.6028ms
2026-04-06 21:01:54.915 +05:30 [INF] Request starting HTTP/2 GET https://localhost:7110/_framework/aspnetcore-browser-refresh.js - null null
2026-04-06 21:01:54.915 +05:30 [INF] Request starting HTTP/2 GET https://localhost:7110/_vs/browserLink - null null
2026-04-06 21:01:54.947 +05:30 [INF] Request finished HTTP/2 GET https://localhost:7110/_framework/aspnetcore-browser-refresh.js - 200 14933 application/javascript; charset=utf-8 31.5779ms
2026-04-06 21:01:55.014 +05:30 [INF] Request finished HTTP/2 GET https://localhost:7110/_vs/browserLink - 200 null text/javascript; charset=UTF-8 98.3003ms
2026-04-06 21:01:55.671 +05:30 [INF] Request starting HTTP/2 GET https://localhost:7110/swagger/docs/v1/auth - null null
2026-04-06 21:01:55.709 +05:30 [INF] Start processing HTTP request GET https://localhost:7270/swagger/v1/swagger.json
2026-04-06 21:01:55.714 +05:30 [INF] Sending HTTP request GET https://localhost:7270/swagger/v1/swagger.json
2026-04-06 21:01:55.777 +05:30 [INF] Received HTTP response headers after 59.3555ms - 200
2026-04-06 21:01:55.780 +05:30 [INF] End processing HTTP request after 77.796ms - 200
2026-04-06 21:01:55.975 +05:30 [INF] HTTP GET /swagger/docs/v1/auth responded 200 in 299.5598 ms
2026-04-06 21:01:55.978 +05:30 [INF] Request finished HTTP/2 GET https://localhost:7110/swagger/docs/v1/auth - 200 null null 306.4265ms
2026-04-06 21:02:29.689 +05:30 [INF] Request starting HTTP/2 POST https://localhost:7110/gateway/auth/login - application/json 65
2026-04-06 21:02:29.702 +05:30 [INF] CORS policy execution successful.
2026-04-06 21:02:29.739 +05:30 [INF] RequestId: 0HNKJU6FKG1DE:00000009, PreviousRequestId: -
Rate limiting is disabled for route '/gateway/auth/login' via the EnableRateLimiting option.
2026-04-06 21:02:29.742 +05:30 [INF] RequestId: 0HNKJU6FKG1DE:00000009, PreviousRequestId: -
No authentication is required for the path '/gateway/auth/login' in the route /gateway/auth/login.
2026-04-06 21:02:31.896 +05:30 [INF] RequestId: 0HNKJU6FKG1DE:00000009, PreviousRequestId: -
200 OK status code of request URI: https://localhost:7270/api/auth/login
2026-04-06 21:02:31.911 +05:30 [INF] HTTP POST /gateway/auth/login responded 200 in 2212.2363 ms
2026-04-06 21:02:31.913 +05:30 [INF] Request finished HTTP/2 POST https://localhost:7110/gateway/auth/login - 200 null application/json; charset=utf-8 2223.4204ms
2026-04-06 21:02:31.916 +05:30 [INF] Request reached the end of the middleware pipeline without being handled by application code. Request path: POST https://localhost:7110/gateway/auth/login, Response status code: 200
2026-04-06 21:02:59.911 +05:30 [INF] Request starting HTTP/2 GET https://localhost:7110/gateway/auth/me - null null
2026-04-06 21:03:00.028 +05:30 [INF] RequestId: 0HNKJU6FKG1DE:0000000B, PreviousRequestId: -
Rate limiting is disabled for route '/gateway/auth/{everything}' via the EnableRateLimiting option.
2026-04-06 21:03:00.029 +05:30 [INF] RequestId: 0HNKJU6FKG1DE:0000000B, PreviousRequestId: -
The path '/gateway/auth/me' is an authenticated route! AuthenticationMiddleware checking if client is authenticated...
2026-04-06 21:03:00.031 +05:30 [INF] RequestId: 0HNKJU6FKG1DE:0000000B, PreviousRequestId: -
Client has been authenticated for path '/gateway/auth/me' by 'AuthenticationTypes.Federation' scheme.
2026-04-06 21:03:00.166 +05:30 [INF] RequestId: 0HNKJU6FKG1DE:0000000B, PreviousRequestId: -
200 OK status code of request URI: https://localhost:7270/api/auth/me
2026-04-06 21:03:00.176 +05:30 [INF] HTTP GET /gateway/auth/me responded 200 in 257.3285 ms
2026-04-06 21:03:00.178 +05:30 [INF] Request finished HTTP/2 GET https://localhost:7110/gateway/auth/me - 200 null application/json; charset=utf-8 266.5904ms
2026-04-06 21:03:00.181 +05:30 [INF] Request reached the end of the middleware pipeline without being handled by application code. Request path: GET https://localhost:7110/gateway/auth/me, Response status code: 200
2026-04-06 21:03:31.155 +05:30 [INF] Request starting HTTP/2 GET https://localhost:7110/swagger/docs/v1/employee - null null
2026-04-06 21:03:31.160 +05:30 [INF] Start processing HTTP request GET https://localhost:7077/swagger/v1/swagger.json
2026-04-06 21:03:31.161 +05:30 [INF] Sending HTTP request GET https://localhost:7077/swagger/v1/swagger.json
2026-04-06 21:03:31.196 +05:30 [INF] Received HTTP response headers after 33.8037ms - 200
2026-04-06 21:03:31.198 +05:30 [INF] End processing HTTP request after 37.8988ms - 200
2026-04-06 21:03:31.272 +05:30 [INF] HTTP GET /swagger/docs/v1/employee responded 200 in 113.8831 ms
2026-04-06 21:03:31.275 +05:30 [INF] Request finished HTTP/2 GET https://localhost:7110/swagger/docs/v1/employee - 200 null null 120.3203ms
2026-04-06 21:04:03.359 +05:30 [INF] Request starting HTTP/2 POST https://localhost:7110/gateway/departments - application/json 76
2026-04-06 21:04:03.362 +05:30 [INF] CORS policy execution successful.
2026-04-06 21:04:03.367 +05:30 [INF] RequestId: 0HNKJU6FKG1DE:0000000F, PreviousRequestId: -
Rate limiting is disabled for route '/gateway/departments/{everything}' via the EnableRateLimiting option.
2026-04-06 21:04:03.368 +05:30 [INF] RequestId: 0HNKJU6FKG1DE:0000000F, PreviousRequestId: -
The path '/gateway/departments' is an authenticated route! AuthenticationMiddleware checking if client is authenticated...
2026-04-06 21:04:03.369 +05:30 [INF] RequestId: 0HNKJU6FKG1DE:0000000F, PreviousRequestId: -
Client has been authenticated for path '/gateway/departments' by 'AuthenticationTypes.Federation' scheme.
2026-04-06 21:04:04.964 +05:30 [INF] RequestId: 0HNKJU6FKG1DE:0000000F, PreviousRequestId: -
201 Created status code of request URI: https://localhost:7077/api/Departments
2026-04-06 21:04:04.968 +05:30 [INF] HTTP POST /gateway/departments responded 201 in 1606.1582 ms
2026-04-06 21:04:04.970 +05:30 [INF] Request finished HTTP/2 POST https://localhost:7110/gateway/departments - 201 null application/json; charset=utf-8 1611.273ms
2026-04-06 21:04:04.973 +05:30 [INF] Request reached the end of the middleware pipeline without being handled by application code. Request path: POST https://localhost:7110/gateway/departments, Response status code: 201
2026-04-06 21:04:14.836 +05:30 [INF] Request starting HTTP/2 GET https://localhost:7110/gateway/departments - null null
2026-04-06 21:04:14.840 +05:30 [INF] RequestId: 0HNKJU6FKG1DE:00000011, PreviousRequestId: -
Rate limiting is disabled for route '/gateway/departments/{everything}' via the EnableRateLimiting option.
2026-04-06 21:04:14.841 +05:30 [INF] RequestId: 0HNKJU6FKG1DE:00000011, PreviousRequestId: -
The path '/gateway/departments' is an authenticated route! AuthenticationMiddleware checking if client is authenticated...
2026-04-06 21:04:14.841 +05:30 [INF] RequestId: 0HNKJU6FKG1DE:00000011, PreviousRequestId: -
Client has been authenticated for path '/gateway/departments' by 'AuthenticationTypes.Federation' scheme.
2026-04-06 21:04:15.024 +05:30 [INF] RequestId: 0HNKJU6FKG1DE:00000011, PreviousRequestId: -
200 OK status code of request URI: https://localhost:7077/api/Departments
2026-04-06 21:04:15.026 +05:30 [INF] HTTP GET /gateway/departments responded 200 in 187.2577 ms
2026-04-06 21:04:15.033 +05:30 [INF] Request finished HTTP/2 GET https://localhost:7110/gateway/departments - 200 null application/json; charset=utf-8 196.8208ms
2026-04-06 21:04:15.036 +05:30 [INF] Request reached the end of the middleware pipeline without being handled by application code. Request path: GET https://localhost:7110/gateway/departments, Response status code: 200
2026-04-06 21:04:38.599 +05:30 [INF] Request starting HTTP/2 DELETE https://localhost:7110/gateway/departments/2 - null null
2026-04-06 21:04:38.601 +05:30 [INF] CORS policy execution successful.
2026-04-06 21:04:38.603 +05:30 [INF] RequestId: 0HNKJU6FKG1DE:00000013, PreviousRequestId: -
Rate limiting is disabled for route '/gateway/departments/{everything}' via the EnableRateLimiting option.
2026-04-06 21:04:38.604 +05:30 [INF] RequestId: 0HNKJU6FKG1DE:00000013, PreviousRequestId: -
The path '/gateway/departments/2' is an authenticated route! AuthenticationMiddleware checking if client is authenticated...
2026-04-06 21:04:38.605 +05:30 [INF] RequestId: 0HNKJU6FKG1DE:00000013, PreviousRequestId: -
Client has been authenticated for path '/gateway/departments/2' by 'AuthenticationTypes.Federation' scheme.
2026-04-06 21:04:38.726 +05:30 [INF] RequestId: 0HNKJU6FKG1DE:00000013, PreviousRequestId: -
204 No Content status code of request URI: https://localhost:7077/api/Departments/2
2026-04-06 21:04:38.727 +05:30 [INF] HTTP DELETE /gateway/departments/2 responded 204 in 125.4215 ms
2026-04-06 21:04:38.728 +05:30 [INF] Request finished HTTP/2 DELETE https://localhost:7110/gateway/departments/2 - 204 null null 129.5317ms
2026-04-06 21:04:38.732 +05:30 [INF] Request reached the end of the middleware pipeline without being handled by application code. Request path: DELETE https://localhost:7110/gateway/departments/2, Response status code: 204
2026-04-06 21:04:47.741 +05:30 [INF] Request starting HTTP/2 DELETE https://localhost:7110/gateway/departments/2 - null null
2026-04-06 21:04:47.744 +05:30 [INF] CORS policy execution successful.
2026-04-06 21:04:47.746 +05:30 [INF] RequestId: 0HNKJU6FKG1DE:00000015, PreviousRequestId: -
Rate limiting is disabled for route '/gateway/departments/{everything}' via the EnableRateLimiting option.
2026-04-06 21:04:47.747 +05:30 [INF] RequestId: 0HNKJU6FKG1DE:00000015, PreviousRequestId: -
The path '/gateway/departments/2' is an authenticated route! AuthenticationMiddleware checking if client is authenticated...
2026-04-06 21:04:47.747 +05:30 [INF] RequestId: 0HNKJU6FKG1DE:00000015, PreviousRequestId: -
Client has been authenticated for path '/gateway/departments/2' by 'AuthenticationTypes.Federation' scheme.
2026-04-06 21:04:47.949 +05:30 [WRN] RequestId: 0HNKJU6FKG1DE:00000015, PreviousRequestId: -
404 Not Found status code of request URI: https://localhost:7077/api/Departments/2
2026-04-06 21:04:47.950 +05:30 [INF] HTTP DELETE /gateway/departments/2 responded 404 in 206.1173 ms
2026-04-06 21:04:47.953 +05:30 [INF] Request finished HTTP/2 DELETE https://localhost:7110/gateway/departments/2 - 404 null application/json 211.0791ms
2026-04-06 21:04:47.955 +05:30 [INF] Request reached the end of the middleware pipeline without being handled by application code. Request path: DELETE https://localhost:7110/gateway/departments/2, Response status code: 404
2026-04-06 21:04:51.932 +05:30 [INF] Request starting HTTP/2 GET https://localhost:7110/gateway/departments - null null
2026-04-06 21:04:51.936 +05:30 [INF] RequestId: 0HNKJU6FKG1DE:00000017, PreviousRequestId: -
Rate limiting is disabled for route '/gateway/departments/{everything}' via the EnableRateLimiting option.
2026-04-06 21:04:51.936 +05:30 [INF] RequestId: 0HNKJU6FKG1DE:00000017, PreviousRequestId: -
The path '/gateway/departments' is an authenticated route! AuthenticationMiddleware checking if client is authenticated...
2026-04-06 21:04:51.937 +05:30 [INF] RequestId: 0HNKJU6FKG1DE:00000017, PreviousRequestId: -
Client has been authenticated for path '/gateway/departments' by 'AuthenticationTypes.Federation' scheme.
2026-04-06 21:04:51.946 +05:30 [INF] RequestId: 0HNKJU6FKG1DE:00000017, PreviousRequestId: -
200 OK status code of request URI: https://localhost:7077/api/Departments
2026-04-06 21:04:51.948 +05:30 [INF] HTTP GET /gateway/departments responded 200 in 13.5436 ms
2026-04-06 21:04:51.950 +05:30 [INF] Request finished HTTP/2 GET https://localhost:7110/gateway/departments - 200 null application/json; charset=utf-8 17.6308ms
2026-04-06 21:04:51.952 +05:30 [INF] Request reached the end of the middleware pipeline without being handled by application code. Request path: GET https://localhost:7110/gateway/departments, Response status code: 200
2026-04-06 21:05:09.624 +05:30 [INF] Request starting HTTP/2 GET https://localhost:7110/gateway/employees/department/1 - null null
2026-04-06 21:05:09.637 +05:30 [INF] RequestId: 0HNKJU6FKG1DE:00000019, PreviousRequestId: -
Rate limiting is disabled for route '/gateway/employees/{everything}' via the EnableRateLimiting option.
2026-04-06 21:05:09.638 +05:30 [INF] RequestId: 0HNKJU6FKG1DE:00000019, PreviousRequestId: -
The path '/gateway/employees/department/1' is an authenticated route! AuthenticationMiddleware checking if client is authenticated...
2026-04-06 21:05:09.639 +05:30 [INF] RequestId: 0HNKJU6FKG1DE:00000019, PreviousRequestId: -
Client has been authenticated for path '/gateway/employees/department/1' by 'AuthenticationTypes.Federation' scheme.
2026-04-06 21:05:09.739 +05:30 [INF] RequestId: 0HNKJU6FKG1DE:00000019, PreviousRequestId: -
200 OK status code of request URI: https://localhost:7077/api/Employees/department/1
2026-04-06 21:05:09.741 +05:30 [INF] HTTP GET /gateway/employees/department/1 responded 200 in 106.5507 ms
2026-04-06 21:05:09.744 +05:30 [INF] Request finished HTTP/2 GET https://localhost:7110/gateway/employees/department/1 - 200 null application/json; charset=utf-8 119.6504ms
2026-04-06 21:05:09.747 +05:30 [INF] Request reached the end of the middleware pipeline without being handled by application code. Request path: GET https://localhost:7110/gateway/employees/department/1, Response status code: 200
2026-04-06 21:18:32.133 +05:30 [INF] User profile is available. Using 'C:\Users\ENVY\AppData\Local\ASP.NET\DataProtection-Keys' as key repository and Windows DPAPI to encrypt keys at rest.
2026-04-06 21:18:32.672 +05:30 [INF] Now listening on: https://localhost:7110
2026-04-06 21:18:32.676 +05:30 [INF] Now listening on: http://localhost:5089
2026-04-06 21:18:32.934 +05:30 [INF] Application started. Press Ctrl+C to shut down.
2026-04-06 21:18:32.941 +05:30 [INF] Hosting environment: Development
2026-04-06 21:18:32.944 +05:30 [INF] Content root path: D:\dotNet\StaffTrack\APIGateway
2026-04-06 21:18:34.152 +05:30 [INF] Request starting HTTP/2 GET https://localhost:7110/swagger/index.html - null null
2026-04-06 21:18:34.913 +05:30 [INF] HTTP GET /swagger/index.html responded 200 in 459.3667 ms
2026-04-06 21:18:34.940 +05:30 [INF] Request finished HTTP/2 GET https://localhost:7110/swagger/index.html - 200 null text/html;charset=utf-8 791.8574ms
2026-04-06 21:18:35.031 +05:30 [INF] Request starting HTTP/2 GET https://localhost:7110/_vs/browserLink - null null
2026-04-06 21:18:35.030 +05:30 [INF] Request starting HTTP/2 GET https://localhost:7110/_framework/aspnetcore-browser-refresh.js - null null
2026-04-06 21:18:35.068 +05:30 [INF] Request finished HTTP/2 GET https://localhost:7110/_framework/aspnetcore-browser-refresh.js - 200 14933 application/javascript; charset=utf-8 36.679ms
2026-04-06 21:18:35.175 +05:30 [INF] Request finished HTTP/2 GET https://localhost:7110/_vs/browserLink - 200 null text/javascript; charset=UTF-8 144.673ms
2026-04-06 21:18:35.957 +05:30 [INF] Request starting HTTP/2 GET https://localhost:7110/swagger/docs/v1/auth - null null
2026-04-06 21:18:36.037 +05:30 [INF] Start processing HTTP request GET https://localhost:7270/swagger/v1/swagger.json
2026-04-06 21:18:36.048 +05:30 [INF] Sending HTTP request GET https://localhost:7270/swagger/v1/swagger.json
2026-04-06 21:18:37.242 +05:30 [INF] Received HTTP response headers after 1184.1051ms - 200
2026-04-06 21:18:37.261 +05:30 [INF] End processing HTTP request after 1236.8912ms - 200
2026-04-06 21:18:37.751 +05:30 [INF] HTTP GET /swagger/docs/v1/auth responded 200 in 1785.9653 ms
2026-04-06 21:18:37.764 +05:30 [INF] Request finished HTTP/2 GET https://localhost:7110/swagger/docs/v1/auth - 200 null null 1806.7923ms
2026-04-06 21:19:14.478 +05:30 [INF] Request starting HTTP/2 GET https://localhost:7110/swagger/docs/v1/employee - null null
2026-04-06 21:19:14.498 +05:30 [INF] Start processing HTTP request GET https://localhost:7077/swagger/v1/swagger.json
2026-04-06 21:19:14.501 +05:30 [INF] Sending HTTP request GET https://localhost:7077/swagger/v1/swagger.json
2026-04-06 21:19:14.600 +05:30 [INF] Received HTTP response headers after 96.9508ms - 200
2026-04-06 21:19:14.604 +05:30 [INF] End processing HTTP request after 105.9508ms - 200
2026-04-06 21:19:14.690 +05:30 [INF] HTTP GET /swagger/docs/v1/employee responded 200 in 197.6921 ms
2026-04-06 21:19:14.696 +05:30 [INF] Request finished HTTP/2 GET https://localhost:7110/swagger/docs/v1/employee - 200 null null 222.7997ms
2026-04-06 21:19:58.436 +05:30 [INF] Request starting HTTP/2 GET https://localhost:7110/swagger/docs/v1/leave - null null
2026-04-06 21:19:58.448 +05:30 [INF] Start processing HTTP request GET https://localhost:7280/swagger/v1/swagger.json
2026-04-06 21:19:58.452 +05:30 [INF] Sending HTTP request GET https://localhost:7280/swagger/v1/swagger.json
2026-04-06 21:19:58.542 +05:30 [INF] Received HTTP response headers after 87.5519ms - 200
2026-04-06 21:19:58.546 +05:30 [INF] End processing HTTP request after 97.5626ms - 200
2026-04-06 21:19:58.692 +05:30 [INF] HTTP GET /swagger/docs/v1/leave responded 200 in 244.7508 ms
2026-04-06 21:19:58.698 +05:30 [INF] Request finished HTTP/2 GET https://localhost:7110/swagger/docs/v1/leave - 200 null null 262.3081ms
2026-04-06 21:20:38.848 +05:30 [INF] Request starting HTTP/2 GET https://localhost:7110/swagger/docs/v1/timesheet - null null
2026-04-06 21:20:38.871 +05:30 [INF] Start processing HTTP request GET https://localhost:7290/swagger/v1/swagger.json
2026-04-06 21:20:38.875 +05:30 [INF] Sending HTTP request GET https://localhost:7290/swagger/v1/swagger.json
2026-04-06 21:20:38.976 +05:30 [INF] Received HTTP response headers after 97.9469ms - 200
2026-04-06 21:20:38.980 +05:30 [INF] End processing HTTP request after 108.4304ms - 200
2026-04-06 21:20:39.003 +05:30 [INF] HTTP GET /swagger/docs/v1/timesheet responded 200 in 134.3051 ms
2026-04-06 21:20:39.009 +05:30 [INF] Request finished HTTP/2 GET https://localhost:7110/swagger/docs/v1/timesheet - 200 null null 161.1264ms
